sample,AFR,AMR,EAS,EUR,SAS
HG03472,1.0000,0.0000,0.0000,0.0000,0.0000
HG03925,0.0000,0.0000,0.0922,0.0000,0.9078
HG00879,0.0000,0.0000,1.0000,0.0000,0.0000
HG02283,0.8444,0.0000,0.0000,0.1556,0.0000
NA18853,1.0000,0.0000,0.0000,0.0000,0.0000
HG02317,1.0000,0.0000,0.0000,0.0000,0.0000
HG00559,0.0000,0.0000,1.0000,0.0000,0.0000
NA18504,1.0000,0.0000,0.0000,0.0000,0.0000
HG01695,0.0458,0.0000,0.0000,0.9542,0.0000
HG01776,0.0000,0.0000,0.0000,1.0000,0.0000
NA20885,0.0000,0.0000,0.0000,0.1565,0.8435
NA19651,0.0000,0.6529,0.0000,0.3471,0.0000
HG00187,0.0000,0.0000,0.0528,0.9472,0.0000
HG03048,1.0000,0.0000,0.0000,0.0000,0.0000
NA19756,0.0000,0.9567,0.0433,0.0000,0.0000
NA20536,0.0000,0.0000,0.0000,1.0000,0.0000
NA20541,0.0000,0.0000,0.0000,1.0000,0.0000
HG03132,1.0000,0.0000,0.0000,0.0000,0.0000
HG01606,0.0000,0.0000,0.0000,1.0000,0.0000
HG00114,0.0000,0.0000,0.0000,1.0000,0.0000
HG01241,0.7066,0.2153,0.0000,0.0781,0.0000
NA18597,0.0000,0.0000,1.0000,0.0000,0.0000
HG00524,0.0000,0.0000,1.0000,0.0000,0.0000
HG02384,0.0000,0.0000,1.0000,0.0000,0.0000
NA18954,0.0000,0.0001,0.9999,0.0000,0.0000
NA18579,0.0000,0.0000,1.0000,0.0000,0.0000
NA21127,0.0000,0.0000,0.0000,0.0000,1.0000
HG04025,0.0000,0.0000,0.0000,0.0000,1.0000
HG00383,0.0000,0.0000,0.0433,0.9567,0.0000
HG01852,0.0000,0.0000,1.0000,0.0000,0.0000
NA19455,1.0000,0.0000,0.0000,0.0000,0.0000
HG01491,0.0000,0.4083,0.0000,0.5917,0.0000
HG03246,1.0000,0.0000,0.0000,0.0000,0.0000
HG01572,0.0000,0.9183,0.0817,0.0000,0.0000
HG02069,0.0000,0.0000,0.9890,0.0000,0.0110
HG00650,0.0000,0.0000,1.0000,0.0000,0.0000
HG02087,0.0000,0.0000,0.9823,0.0000,0.0177
HG02113,0.0000,0.0000,1.0000,0.0000,0.0000
HG03698,0.0000,0.0000,0.0000,0.0000,1.0000
NA19012,0.0000,0.0000,1.0000,0.0000,0.0000
HG02180,0.0000,0.0000,1.0000,0.0000,0.0000
HG03771,0.0000,0.0000,0.0000,0.0000,1.0000
NA20296,0.8206,0.0000,0.0000,0.1794,0.0000
HG03692,0.0000,0.0000,0.0000,0.0000,1.0000
HG03706,0.0000,0.0000,0.0000,0.0000,1.0000
HG01148,0.0000,0.6947,0.0000,0.3053,0.0000
NA20278,0.5165,0.0000,0.0000,0.4835,0.0000
NA19081,0.0000,0.0000,1.0000,0.0000,0.0000
HG00284,0.0000,0.0000,0.0359,0.9641,0.0000
HG00310,0.0000,0.0000,0.0196,0.9804,0.0000
HG00367,0.0000,0.0000,0.0000,1.0000,0.0000
HG02973,1.0000,0.0000,0.0000,0.0000,0.0000
HG02890,1.0000,0.0000,0.0000,0.0000,0.0000
HG01858,0.0000,0.0000,1.0000,0.0000,0.0000
HG01596,0.0000,0.0000,0.9763,0.0000,0.0237
NA19908,0.9363,0.0000,0.0000,0.0637,0.0000
HG02681,0.0000,0.0000,0.0000,0.2184,0.7816
HG02715,1.0000,0.0000,0.0000,0.0000,0.0000
HG03007,0.0000,0.0000,0.0926,0.0000,0.9074
NA19719,0.0000,1.0000,0.0000,0.0000,0.0000
HG03193,1.0000,0.0000,0.0000,0.0000,0.0000
NA19663,0.0000,0.9377,0.0623,0.0000,0.0000
NA19780,0.0000,0.8639,0.0000,0.1361,0.0000
HG02325,1.0000,0.0000,0.0000,0.0000,0.0000
NA18861,1.0000,0.0000,0.0000,0.0000,0.0000
NA18536,0.0000,0.0000,1.0000,0.0000,0.0000
NA18541,0.0000,0.0000,1.0000,0.0000,0.0000
HG01374,0.0000,0.6092,0.0000,0.3908,0.0000
HG03437,1.0000,0.0000,0.0000,0.0000,0.0000
HG01303,0.0648,0.5460,0.0000,0.3892,0.0000
HG03917,0.0000,0.0000,0.0889,0.0000,0.9111
HG03960,0.0000,0.0000,0.0000,0.0000,1.0000
NA12761,0.0000,0.0000,0.0000,1.0000,0.0000
NA12716,0.0000,0.0000,0.0000,1.0000,0.0000
HG02255,0.9782,0.0000,0.0000,0.0218,0.0000
NA18966,0.0000,0.0000,1.0000,0.0000,0.0000
HG03867,0.0000,0.0000,0.0000,0.0000,1.0000
HG01204,0.0687,0.3322,0.0000,0.5991,0.0000
HG01390,0.2392,0.6772,0.0000,0.0836,0.0000
HG02768,1.0000,0.0000,0.0000,0.0000,0.0000
HG04219,0.0000,0.0000,0.0000,0.0000,1.0000
HG00151,0.0000,0.0000,0.0000,1.0000,0.0000
HG00126,0.0000,0.0000,0.0000,1.0000,0.0000
HG02786,0.0000,0.0000,0.0000,0.0000,1.0000
NA19713,0.7834,0.0000,0.0000,0.2166,0.0000
HG03199,1.0000,0.0000,0.0000,0.0000,0.0000
NA19764,0.0000,0.9121,0.0000,0.0879,0.0000
HG03100,1.0000,0.0000,0.0000,0.0000,0.0000
NA19669,0.0000,0.7361,0.0292,0.2347,0.0000
NA20504,0.0000,0.0000,0.0000,1.0000,0.0000
NA19057,0.0000,0.0000,0.9480,0.0520,0.0000
NA19020,1.0000,0.0000,0.0000,0.0000,0.0000
HG03644,0.0000,0.0000,0.0000,0.0000,1.0000
NA18745,0.0000,0.0000,1.0000,0.0000,0.0000
NA18648,0.0000,0.0199,0.9801,0.0000,0.0000
HG02156,0.0000,0.0000,1.0000,0.0000,0.0000
HG00662,0.0000,0.0000,1.0000,0.0000,0.0000
NA19467,1.0000,0.0000,0.0000,0.0000,0.0000
HG01817,0.0000,0.0000,1.0000,0.0000,0.0000
HG01860,0.0000,0.0000,0.9996,0.0000,0.0004
HG01537,0.0000,0.0000,0.0000,1.0000,0.0000
HG00328,0.0000,0.0000,0.0224,0.9776,0.0000
HG02485,0.7717,0.0000,0.0000,0.2283,0.0000
HG04017,0.0000,0.0000,0.0000,0.0000,1.0000
HG02511,1.0000,0.0000,0.0000,0.0000,0.0000
HG04183,0.0000,0.0006,0.0959,0.0000,0.9035
HG01447,0.0000,0.6836,0.0000,0.3164,0.0000
HG01967,0.0000,0.9565,0.0435,0.0000,0.0000
NA20799,0.0000,0.0000,0.0000,1.0000,0.0000
NA12058,0.0000,0.0000,0.0000,1.0000,0.0000
HG00355,0.0000,0.0000,0.0000,1.0000,0.0000
HG02582,1.0000,0.0000,0.0000,0.0000,0.0000
HG00258,0.0000,0.0000,0.0000,1.0000,0.0000
NA12155,0.0000,0.0000,0.0000,1.0000,0.0000
HG02941,1.0000,0.0000,0.0000,0.0000,0.0000
HG03743,0.0000,0.0000,0.0000,0.0000,1.0000
HG01077,0.1584,0.4974,0.0000,0.3442,0.0000
NA11919,0.0000,0.0000,0.0000,1.0000,0.0000
HG02026,0.0000,0.0000,0.9997,0.0000,0.0003
NA18642,0.0000,0.0388,0.9612,0.0000,0.0000
NA18635,0.0000,0.0000,1.0000,0.0000,0.0000
HG03485,1.0000,0.0000,0.0000,0.0000,0.0000
HG03511,1.0000,0.0000,0.0000,0.0000,0.0000
NA19375,1.0000,0.0000,0.0000,0.0000,0.0000
HG03846,0.0000,0.0000,0.0000,0.0000,1.0000
NA18947,0.0000,0.0000,1.0000,0.0000,0.0000
HG02397,0.0000,0.0000,1.0000,0.0000,0.0000
HG02379,0.0000,0.0000,1.0000,0.0000,0.0000
NA19648,0.0000,0.1738,0.0000,0.8262,0.0000
NA20525,0.0000,0.0000,0.0000,1.0000,0.0000
HG03121,1.0000,0.0000,0.0000,0.0000,0.0000
NA20908,0.0000,0.0000,0.0000,0.0000,1.0000
HG01781,0.0000,0.0000,0.0000,1.0000,0.0000
NA20805,-0.0000,0.0000,0.0000,1.0000,0.0000
NA19732,0.0000,0.8328,0.1672,0.0000,0.0000
HG00107,0.0000,0.0000,0.0000,1.0000,0.0000
HG04238,0.0000,0.0000,0.0000,0.0000,1.0000
HG01686,0.0000,0.0000,0.0000,1.0000,0.0000
HG00099,0.0000,0.0000,0.0000,1.0000,0.0000
HG02734,0.0000,0.0000,0.0000,0.2333,0.7667
NA19391,1.0000,0.0000,0.0000,0.0000,0.0000
HG03941,0.0000,0.0000,0.0000,0.0000,1.0000
NA19308,1.0000,0.0000,0.0000,0.0000,0.0000
NA18560,0.0000,0.0000,1.0000,0.0000,0.0000
NA18517,1.0000,0.0000,0.0000,0.0000,0.0000
HG02373,0.0000,0.0000,1.0000,0.0000,0.0000
HG04131,0.0000,0.0000,0.1103,0.0000,0.8897
HG04146,0.0000,0.0000,0.1059,0.0000,0.8941
HG01488,0.1194,0.3903,0.0000,0.4903,0.0000
HG03228,0.0000,0.0000,0.0000,0.0000,1.0000
HG03352,1.0000,0.0000,0.0000,0.0000,0.0000
NA19982,0.9286,0.0000,0.0000,0.0714,0.0000
NA20756,0.0000,0.0000,0.0000,1.0000,0.0000
NA18614,0.0000,0.0000,1.0000,0.0000,0.0000
HG02070,0.0000,0.0000,1.0000,0.0000,0.0000
NA19171,1.0000,0.0000,0.0000,0.0000,0.0000
NA19092,1.0000,0.0000,0.0000,0.0000,0.0000
HG03762,0.0000,0.0000,0.0000,0.0000,1.0000
HG03681,0.0000,0.0000,0.0000,0.0000,1.0000
HG00634,0.0000,0.0000,1.0000,0.0000,0.0000
HG00739,0.0199,0.1872,0.0000,0.7928,0.0000
NA19098,1.0000,0.0000,0.0000,0.0000,0.0000
HG03786,0.0000,0.0000,0.0000,0.0000,1.0000
NA11932,0.0000,0.0000,0.0000,1.0000,0.0000
NA19076,0.0000,0.0000,1.0000,0.0000,0.0000
NA12004,0.0000,0.0000,0.0000,1.0000,0.0000
HG00309,0.0000,0.0000,0.0437,0.9563,0.0000
HG01516,-0.0000,0.0000,0.0000,1.0000,0.0000
HG01841,0.0000,0.0000,1.0000,0.0000,0.0000
NA19446,1.0000,0.0000,0.0000,0.0000,0.0000
HG00142,0.0000,0.0000,0.0000,1.0000,0.0000
HG02601,0.0000,0.0000,0.0000,0.1187,0.8813
NA12342,0.0000,0.0000,0.0000,1.0000,0.0000
NA20517,0.0000,0.0000,0.0000,1.0000,0.0000
NA19700,0.8466,0.0000,0.0000,0.1534,0.0000
NA19777,0.0000,1.0000,0.0000,0.0000,0.0000
HG03069,1.0000,0.0000,0.0000,0.0000,0.0000
NA18975,0.0000,0.0000,1.0000,0.0000,0.0000
HG02231,0.0000,0.0000,0.0000,1.0000,0.0000
NA20127,0.9498,0.0000,0.0000,0.0502,0.0000
NA19347,1.0000,0.0000,0.0000,0.0000,0.0000
HG03803,0.0000,0.0000,0.0867,0.0000,0.9133
NA18552,0.0000,0.0000,1.0000,0.0000,0.0000
NA12778,0.0000,0.0000,0.0000,1.0000,0.0000
HG00475,0.0000,0.0000,1.0000,0.0000,0.0000
HG03890,0.0000,0.0000,0.0000,0.0000,1.0000
HG01389,0.0178,0.4023,0.0000,0.5799,0.0000
HG03973,0.0000,0.0000,0.0000,0.0000,1.0000
HG00148,0.0000,0.0000,0.0000,1.0000,0.0000
NA10851,0.0000,0.0000,0.0000,1.0000,0.0000
HG02771,1.0000,0.0000,0.0000,0.0000,0.0000
NA19670,0.0000,1.0000,0.0000,0.0000,0.0000
HG01757,0.0065,0.0000,0.0000,0.9935,0.0000
HG03727,0.0000,0.0000,0.0000,0.0000,1.0000
HG01187,0.1135,0.6963,0.0000,0.1902,0.0000
HG03750,0.0000,0.0000,0.0000,0.0000,1.0000
HG02138,0.0000,0.0000,1.0000,0.0000,0.0000
HG02035,0.0000,0.0000,1.0000,0.0000,0.0000
HG01974,0.0000,0.8538,0.1462,0.0000,0.0000
HG01879,0.8856,0.0000,0.0000,0.1144,0.0000
NA21098,0.0000,0.0000,0.0000,0.0000,1.0000
HG02508,0.9711,0.0000,0.0000,0.0289,0.0000
HG00331,0.0000,0.0000,0.0296,0.9704,0.0000
NA19923,0.6605,0.0000,0.0000,0.3395,0.0000
HG01524,0.0000,0.0000,0.0000,1.0000,0.0000
NA19474,1.0000,0.0000,0.0000,0.0000,0.0000
HG01990,0.9618,0.0000,0.0000,0.0382,0.0000
HG01804,0.0000,0.0000,1.0000,0.0000,0.0000
HG02496,0.9634,0.0000,0.0000,0.0366,0.0000
HG02502,0.8637,0.0000,0.0000,0.1363,0.0000
NA21106,0.0000,0.0000,0.0000,0.0000,1.0000
HG02855,1.0000,0.0000,0.0000,0.0000,0.0000
NA11894,0.0000,0.0000,0.0000,1.0000,0.0000
HG01080,0.0581,0.6169,0.0000,0.3250,0.0000
HG02048,0.0000,0.0000,1.0000,0.0000,0.0000
HG03757,0.0000,0.0000,0.0004,0.0000,0.9996
HG01063,0.3349,0.3850,0.0000,0.2802,0.0000
NA11994,0.0000,0.0000,0.0000,1.0000,0.0000
HG01119,0.0000,0.3520,0.0000,0.6480,0.0000
HG02032,-0.0000,0.0000,1.0000,0.0000,0.0000
HG01809,0.0000,0.0000,1.0000,0.0000,0.0000
NA20763,0.0000,0.0000,0.0000,1.0000,0.0000
HG01973,0.0000,0.9109,0.0891,0.0000,0.0000
HG02402,0.0000,0.0000,1.0000,0.0000,0.0000
HG00336,0.0000,0.0000,0.0428,0.9572,0.0000
HG04090,0.0000,0.0000,0.0000,0.0000,1.0000
HG00341,0.0000,0.0000,0.0306,0.9694,0.0000
HG04173,0.0000,0.0000,0.0852,0.0000,0.9148
HG01874,0.0000,0.0000,1.0000,0.0000,0.0000
NA19473,1.0000,0.0000,0.0000,0.0000,0.0000
NA20787,0.0000,0.0000,0.0000,1.0000,0.0000
HG02852,1.0000,0.0000,0.0000,0.0000,0.0000
HG02505,0.9439,0.0000,0.0000,0.0561,0.0000
HG00231,0.0000,0.0000,0.0000,1.0000,0.0000
HG02491,0.0000,0.0005,0.0000,0.1209,0.8786
NA20359,0.8104,0.0000,0.0000,0.1896,0.0000
HG01069,0.0550,0.4237,0.0000,0.5213,0.0000
NA19043,1.0000,0.0000,0.0000,-0.0000,0.0000
HG01113,0.0000,0.6870,0.0000,0.3130,0.0000
HG01164,0.0775,0.3521,0.0000,0.5704,0.0000
HG00698,0.0000,0.0000,1.0000,0.0000,0.0000
HG02142,0.0000,0.0000,0.9195,0.0805,0.0000
HG02792,0.0000,0.0000,0.0000,0.0000,1.0000
HG00132,0.0000,0.0000,0.0000,1.0000,0.0000
NA19770,0.0000,1.0000,0.0000,0.0000,0.0000
NA19707,0.7661,0.0000,0.0000,0.2339,0.0000
HG03019,0.0000,0.0000,0.0000,0.0000,1.0000
NA20510,0.0000,0.0000,0.0000,1.0000,0.0000
HG01620,0.0124,0.0000,0.0000,0.9876,0.0000
HG03114,1.0000,0.0000,0.0000,0.0000,0.0000
NA12775,0.0000,0.0000,0.0000,1.0000,0.0000
NA18528,0.0000,0.0244,0.9756,0.0000,0.0000
HG03873,0.0000,0.0000,0.0000,0.0000,1.0000
HG00472,0.0000,0.0000,1.0000,0.0000,0.0000
NA18555,0.0000,0.0000,1.0000,0.0000,0.0000
HG01360,0.0000,0.6470,0.0000,0.3530,0.0000
HG03974,0.0000,0.0000,0.0000,0.0000,1.0000
HG03559,1.0000,0.0000,0.0000,0.0000,0.0000
HG03897,0.0000,0.0000,0.0000,0.0000,1.0000
HG00138,0.0000,0.0000,0.0000,1.0000,0.0000
HG03064,1.0000,0.0000,0.0000,0.0000,0.0000
NA19794,0.0000,0.7189,0.0000,0.2811,0.0000
HG04141,0.0000,0.0000,0.1103,0.0000,0.8897
HG00373,0.0000,0.0000,0.0429,0.9571,0.0000
HG00304,0.0000,0.0000,0.0432,0.9568,0.0000
HG00290,0.0000,0.0000,0.0419,0.9581,0.0000
HG02884,1.0000,0.0000,0.0000,0.0000,0.0000
HG01461,0.0966,0.9034,0.0000,0.0000,0.0000
HG01941,0.0000,0.9261,0.0739,0.0000,0.0000
HG01936,0.0000,0.9177,0.0823,0.0000,0.0000
HG03258,1.0000,0.0000,0.0000,0.0000,0.0000
NA12814,0.0000,0.0000,0.0000,1.0000,0.0000
HG00743,0.0435,0.6311,0.0000,0.3254,0.0000
HG00734,0.0468,0.5702,0.0000,0.3829,0.0000
NA18613,0.0000,0.0000,1.0000,0.0000,0.0000
NA19198,1.0000,0.0000,0.0000,0.0000,0.0000
NA20282,0.7774,0.0000,0.0000,0.2226,0.0000
HG01051,0.1764,0.5063,0.0000,0.3173,0.0000
HG03765,0.0000,0.0000,0.0000,0.1839,0.8161
NA19095,1.0000,0.0000,0.0000,0.0000,0.0000
HG02107,1.0000,0.0000,0.0000,0.0000,0.0000
HG03718,0.0000,0.0000,0.0000,0.0000,1.0000
NA19006,0.0000,0.0000,1.0000,0.0000,0.0000
HG03615,0.0000,0.0000,0.0827,0.0000,0.9173
HG01121,0.0000,0.7588,0.0000,0.2412,0.0000
NA12003,0.0000,0.0000,0.0000,1.0000,0.0000
HG02817,1.0000,0.0000,0.0000,0.0000,0.0000
HG02983,1.0000,0.0000,0.0000,0.0000,0.0000
HG00379,0.0000,0.0000,0.0000,1.0000,0.0000
NA21133,0.0000,0.0000,0.0000,0.0000,1.0000
HG00274,0.0000,0.0000,0.0231,0.9769,0.0000
NA19436,1.0000,0.0000,0.0000,0.0000,0.0000
NA19916,0.9482,0.0000,0.0000,0.0518,0.0000
HG01485,0.3236,0.6764,0.0000,0.0000,0.0000
NA19372,1.0000,0.0000,0.0000,0.0000,0.0000
HG02309,0.9668,0.0000,0.0000,0.0332,0.0000
HG02390,0.0000,0.0000,1.0000,0.0000,0.0000
NA19735,0.0000,0.8693,0.1307,0.0000,0.0000
NA20802,0.0000,0.0000,0.0000,1.0000,0.0000
NA20875,0.0000,0.0000,0.0000,0.0000,1.0000
HG01768,0.0000,0.0000,0.0000,1.0000,0.0000
HG03126,1.0000,0.0000,0.0000,0.0000,0.0000
NA20522,0.0000,0.0000,0.0000,1.0000,0.0000
NA06994,0.0000,0.0000,0.0000,1.0000,0.0000
HG00177,0.0000,0.0000,0.0730,0.9270,0.0000
HG02643,1.0000,0.0000,0.0000,0.0000,0.0000
HG00100,0.0000,0.0000,0.0000,1.0000,0.0000
HG01762,0.0000,0.0000,0.0000,1.0000,0.0000
HG03021,0.0000,0.0000,0.0000,0.0000,1.0000
NA20808,0.0000,0.0000,0.0000,1.0000,0.0000
NA20528,0.0000,0.0000,0.0000,1.0000,0.0000
NA20891,0.0000,0.0000,0.0000,0.1519,0.8481
HG04235,0.0000,0.0000,0.0000,0.0000,1.0000
HG02649,0.0000,0.0000,0.0000,0.3035,0.6965
NA19378,1.0000,0.0000,0.0000,0.0000,0.0000
HG03931,0.0000,0.0000,0.1106,0.0000,0.8894
HG03488,0.0000,0.0000,0.0000,0.2103,0.7897
HG02374,0.0000,0.0000,1.0000,0.0000,0.0000
NA18567,0.0000,0.0000,1.0000,0.0000,0.0000
HG01094,0.1037,0.3708,0.0000,0.5255,0.0000
HG03643,0.0000,0.0000,0.0000,0.0000,1.0000
HG01177,0.0114,0.5484,0.0000,0.4402,0.0000
NA19027,1.0000,0.0000,0.0000,0.0000,0.0000
HG01530,0.0101,0.0000,0.0000,0.9899,0.0000
HG01889,1.0000,0.0000,0.0000,0.0000,0.0000
HG01810,0.0000,0.0000,1.0000,0.0000,0.0000
NA21086,0.0000,0.0000,0.0000,0.0000,1.0000
HG00255,0.0000,0.0000,0.0000,1.0000,0.0000
HG02561,1.0000,0.0000,0.0000,0.0000,0.0000
NA21112,0.0000,0.0000,0.0000,0.0000,1.0000
HG00358,0.0000,0.0000,0.0620,0.9380,0.0000
HG03279,1.0000,-0.0000,0.0000,0.0000,0.0000
HG01883,0.9119,0.0000,0.0000,0.0881,0.0000
HG01917,0.0000,0.9253,0.0747,0.0000,0.0000
HG01440,0.1011,0.7666,0.0000,0.1323,0.0000
HG03303,1.0000,0.0000,0.0000,0.0000,0.0000
HG01437,0.0000,0.2872,0.0000,0.7128,0.0000
HG03297,1.0000,0.0000,0.0000,0.0000,0.0000
HG02946,1.0000,0.0000,0.0000,0.0000,0.0000
HG00325,0.0000,0.0000,0.0547,0.9453,0.0000
HG03649,0.0000,0.0000,0.0000,0.1068,0.8932
HG01070,0.0000,0.4616,0.0000,0.5384,0.0000
NA20340,0.8855,0.0000,0.0000,0.1145,0.0000
HG03733,0.0000,0.0000,0.0000,0.0000,1.0000
NA18748,0.0000,0.0000,1.0000,0.0000,0.0000
NA20509,0.0000,0.0000,0.0000,1.0000,0.0000
NA19664,0.0000,0.9374,0.0626,0.0000,0.0000
HG03077,1.0000,0.0000,0.0000,0.0000,0.0000
NA18531,0.0000,0.0177,0.9823,0.0000,0.0000
HG02322,0.8997,0.0000,0.0000,0.1003,0.0000
HG03967,0.0000,0.0000,0.0000,0.0000,1.0000
NA19223,1.0000,0.0000,0.0000,0.0000,0.0000
HG03884,0.0000,0.0000,0.0000,0.0000,1.0000
HG03989,0.0000,0.0000,0.0000,0.0000,1.0000
NA18961,0.0000,0.0000,1.0000,0.0000,0.0000
HG02252,0.0000,1.0000,0.0000,0.0000,0.0000
HG03817,0.0000,0.0000,0.0000,0.0000,1.0000
NA19324,1.0000,0.0000,0.0000,0.0000,0.0000
HG00121,0.0000,0.0000,0.0000,1.0000,0.0000
NA20503,0.0000,0.0000,0.0000,1.0000,0.0000
NA20854,0.0000,0.0000,0.0000,0.1277,0.8723
HG02429,0.9588,0.0000,0.0000,0.0412,0.0000
HG03241,1.0000,0.0000,0.0000,0.0000,0.0000
NA19452,1.0000,0.0000,0.0000,0.0000,0.0000
HG01855,0.0000,0.0000,1.0000,0.0000,0.0000
HG00657,0.0000,0.0000,1.0000,0.0000,0.0000
HG02019,0.0000,0.0000,1.0000,0.0000,0.0000
NA19118,1.0000,0.0000,0.0000,0.0000,0.0000
HG01048,0.0718,0.4014,0.0000,0.5268,0.0000
HG02013,1.0000,0.0000,0.0000,0.0000,0.0000
NA19086,0.0000,0.0000,1.0000,0.0000,0.0000
HG03695,0.0000,0.0000,0.0000,0.0000,1.0000
NA20291,1.0000,0.0000,0.0000,0.0000,0.0000
HG04152,0.0000,0.0000,0.1011,0.0000,0.8989
HG01405,0.0727,0.3477,0.0000,0.5797,0.0000
NA19385,0.9996,0.0000,0.0004,0.0000,0.0000
HG03955,0.0000,0.0000,0.0000,0.0000,1.0000
HG01341,0.0000,0.9681,0.0319,0.0000,0.0000
HG03858,0.0000,0.0000,0.0000,0.0000,1.0000
NA18959,0.0000,0.0000,1.0000,0.0000,0.0000
HG02284,0.8935,0.0000,0.0000,0.1065,0.0000
HG02367,0.0000,0.0000,1.0000,0.0000,0.0000
NA20882,0.0000,0.0000,0.0000,0.1645,0.8355
HG01771,0.0000,0.0000,0.0000,1.0000,0.0000
HG00119,0.0000,0.0000,0.0000,1.0000,0.0000
HG01795,0.0000,0.0000,1.0000,0.0000,0.0000
HG03135,1.0000,0.0000,0.0000,0.0000,0.0000
NA19726,0.0000,0.9374,0.0626,0.0000,0.0000
NA20811,0.0000,0.0000,0.0000,1.0000,0.0000
NA20866,0.0000,0.0000,0.0000,0.0916,0.9084
HG00113,0.0000,0.0000,0.0000,1.0000,0.0000
NA12287,0.0000,0.0000,0.0000,1.0000,0.0000
HG03491,0.0000,0.0000,0.0000,0.0000,1.0000
HG03928,0.0000,0.0000,0.0641,0.0000,0.9359
HG03572,1.0000,0.0000,0.0000,0.0000,0.0000
NA19316,1.0000,0.0000,0.0000,0.0000,0.0000
HG02260,0.0000,0.9121,0.0879,0.0000,0.0000
NA07056,0.0000,0.0000,0.0000,1.0000,0.0000
HG01595,0.0000,0.0000,1.0000,0.0000,0.0000
HG03342,1.0000,0.0000,0.0000,0.0000,0.0000
HG01498,0.0000,0.8625,0.0000,0.1375,0.0000
HG03238,0.0000,0.0000,0.0000,0.2966,0.7034
HG01921,0.0000,0.9250,0.0750,0.0000,0.0000
HG02450,0.9800,0.0000,0.0000,0.0200,0.0000
HG00364,0.0000,0.0000,0.0459,0.9541,0.0000
HG00313,0.0000,0.0000,0.0505,0.9495,0.0000
HG00269,0.0000,0.0000,0.0353,0.9647,0.0000
HG02970,1.0000,0.0000,0.0000,0.0000,0.0000
HG03691,0.0000,0.0000,0.0000,0.0000,1.0000
HG03705,0.0000,0.0000,0.0000,0.0000,1.0000
HG01031,0.0000,0.0000,1.0000,0.0000,0.0000
HG01046,0.0000,0.0000,1.0000,0.0000,0.0000
HG03772,0.0000,0.0000,0.0000,0.0000,1.0000
NA19082,0.0000,0.0000,1.0000,0.0000,0.0000
HG02017,0.0000,0.0000,0.9807,0.0000,0.0193
NA12874,0.0000,0.0000,0.0000,1.0000,0.0000
NA19011,0.0000,0.0000,1.0000,0.0000,0.0000
HG00729,0.0000,0.0000,1.0000,0.0000,0.0000
HG00653,0.0000,0.0000,1.0000,0.0000,0.0000
NA12890,0.0000,0.0000,0.0000,1.0000,0.0000
HG01571,0.0000,1.0000,0.0000,0.0000,0.0000
NA19901,0.9586,0.0414,0.0000,0.0000,0.0000
HG01492,0.0000,0.5023,0.0000,0.4977,0.0000
NA21124,0.0000,0.0000,0.0000,0.0000,1.0000
HG02557,1.0000,0.0000,0.0000,0.0000,0.0000
HG00263,0.0000,0.0000,0.0000,1.0000,0.0000
NA18957,0.0000,0.0000,1.0000,0.0000,0.0000
HG03598,0.0000,0.0000,0.1308,0.0000,0.8692
HG03856,0.0000,0.0000,0.0000,0.0000,1.0000
HG01242,0.5238,0.1789,0.0000,0.2973,0.0000
NA12283,0.0000,0.0000,0.0000,1.0000,0.0000
HG00160,0.0000,0.0000,0.0000,1.0000,0.0000
HG02654,0.0000,0.0000,0.0000,0.2508,0.7492
HG02623,1.0000,0.0000,0.0000,0.0000,0.0000
HG00117,0.0000,0.0000,0.0000,1.0000,0.0000
NA19755,0.0000,0.9137,0.0863,0.0000,0.0000
NA20862,0.0000,0.0000,0.0000,0.2324,0.7676
HG01605,0.0000,0.0000,0.0000,1.0000,0.0000
NA20542,0.0000,0.0000,0.0000,1.0000,0.0000
HG01791,0.0000,0.0000,0.0000,1.0000,0.0000
NA20535,0.0000,0.0000,0.0000,1.0000,0.0000
NA19658,0.0000,0.7892,0.0000,0.2108,0.0000
HG04222,0.0000,0.0000,0.0000,0.0000,1.0000
HG02629,1.0000,0.0000,0.0000,0.0000,0.0000
NA20868,0.0000,0.0000,0.0000,0.0000,1.0000
HG01702,0.0000,0.0000,0.0000,1.0000,0.0000
NA19728,0.0000,0.8325,0.1675,0.0000,0.0000
HG01678,0.0000,0.0000,0.0000,1.0000,0.0000
NA20886,0.0000,0.0000,0.0000,0.1756,0.8244
NA19625,0.6547,0.2921,0.0532,0.0000,0.0000
HG02314,1.0000,0.0000,0.0000,0.0000,0.0000
HG02219,0.0146,0.0000,0.0000,0.9854,0.0000
HG01345,0.0000,0.5792,0.0000,0.4208,0.0000
NA19318,1.0000,0.0000,0.0000,0.0000,0.0000
HG03926,0.0000,0.0000,0.1233,0.0000,0.8767
HG00766,0.0000,0.0000,1.0000,0.0000,0.0000
NA18636,0.0000,0.0000,1.0000,0.0000,0.0000
HG02128,0.0000,0.0000,1.0000,0.0000,0.0000
HG03740,0.0000,0.0000,0.0000,0.0000,1.0000
HG00321,0.0000,0.0000,0.0503,0.9497,0.0000
HG04164,0.0000,0.0000,0.0898,0.0000,0.9102
HG00356,0.0000,0.0000,0.0495,0.9505,0.0000
HG02462,1.0000,0.0000,0.0000,0.0000,0.0000
NA21088,0.0000,0.0000,0.0000,0.0000,1.0000
HG01444,0.0453,0.7602,0.0000,0.1945,0.0000
HG03370,1.0000,0.0000,0.0000,0.0000,0.0000
NA19834,0.7982,0.0000,0.0000,0.2018,0.0000
HG01869,0.0000,0.0000,1.0000,0.0000,0.0000
NA20774,0.0000,0.0000,0.0000,1.0000,0.0000
HG00251,0.0000,0.0000,0.0000,1.0000,0.0000
NA21116,0.0000,0.0000,0.0000,0.0434,0.9566
HG04014,0.0000,0.0000,0.0000,0.0000,1.0000
HG04180,0.0000,0.0000,0.0859,0.0000,0.9141
HG01863,0.0000,0.0000,1.0000,0.0000,0.0000
HG01980,0.0000,0.9358,0.0642,0.0000,0.0000
HG03394,1.0000,0.0000,0.0000,0.0000,0.0000
HG02058,0.0000,0.0000,0.9617,0.0000,0.0383
HG02155,0.0000,0.0000,1.0000,0.0000,0.0000
NA19023,1.0000,0.0000,0.0000,0.0000,0.0000
NA19054,0.0000,0.0000,1.0000,0.0000,0.0000
HG01104,0.0450,0.3583,0.0000,0.5967,0.0000
NA19159,1.0000,0.0000,0.0000,0.0000,0.0000
HG03079,1.0000,0.0000,0.0000,0.0000,0.0000
NA19684,0.0000,0.6615,0.0000,0.3385,0.0000
NA20827,0.0146,0.0000,0.0000,0.9854,0.0000
HG03097,1.0000,0.0000,0.0000,0.0000,0.0000
HG03103,1.0000,0.0000,0.0000,0.0000,0.0000
HG02688,0.0000,0.0000,0.0000,0.0004,0.9996
HG02666,1.0000,0.0000,0.0000,0.0000,0.0000
NA19320,1.0000,0.0000,0.0000,0.0000,0.0000
HG01393,0.1863,0.4325,0.0000,0.3813,0.0000
NA18868,1.0000,0.0000,0.0000,0.0000,0.0000
NA12762,0.0000,0.0000,0.0000,1.0000,0.0000
NA18965,0.0000,0.0000,1.0000,0.0000,0.0000
HG02256,0.8173,0.0000,0.0000,0.1827,0.0000
NA18548,0.0000,0.0000,1.0000,0.0000,0.0000
NA18912,1.0000,0.0000,0.0000,0.0000,0.0000
HG03539,1.0000,0.0000,0.0000,0.0000,0.0000
HG03963,0.0000,0.0000,0.0000,0.0000,1.0000
HG03914,0.0000,0.0000,0.1100,0.0000,0.8900
NA18981,0.0000,0.0000,1.0000,0.0000,0.0000
NA18535,0.0000,0.0000,1.0000,0.0000,0.0000
HG03073,1.0000,0.0000,0.0000,0.0000,0.0000
HG01747,0.0000,0.0000,0.0000,1.0000,0.0000
HG03109,1.0000,0.0000,0.0000,0.0000,0.0000
HG04210,0.0000,0.0000,0.0000,0.0000,1.0000
HG02682,0.0000,0.0000,0.0000,0.2167,0.7833
HG02716,1.0000,0.0000,0.0000,0.0000,0.0000
HG00158,0.0000,0.0000,0.0000,1.0000,0.0000
HG01938,0.0000,0.8764,0.1236,0.0000,0.0000
HG01515,0.0000,0.0000,0.0000,1.0000,0.0000
NA19445,1.0000,0.0000,0.0000,0.0000,0.0000
HG01842,0.0000,0.0000,1.0000,0.0000,0.0000
HG04035,0.0000,0.0000,0.0000,0.0000,1.0000
HG04042,0.0000,0.0000,0.0000,0.0000,1.0000
NA21137,0.0000,0.0000,0.0000,0.0000,1.0000
HG02813,1.0000,0.0000,0.0000,0.0000,0.0000
NA11931,0.0000,0.0000,0.0000,1.0000,0.0000
HG03611,0.0000,0.0000,0.1046,0.0000,0.8954
HG03785,0.0000,0.0000,0.0000,0.0000,1.0000
NA19075,0.0000,0.0000,1.0000,0.0000,0.0000
HG01028,0.0000,0.0000,1.0000,0.0000,0.0000
HG00637,0.1122,0.3967,0.0000,0.4911,0.0000
HG00640,0.0357,0.3429,0.0000,0.6214,0.0000
HG02079,0.0000,0.0000,0.9998,0.0000,0.0002
NA12889,0.0000,0.0000,0.0000,1.0000,0.0000
NA18617,0.0000,0.0000,1.0000,0.0000,0.0000
HG02073,0.0000,0.0000,1.0000,0.0000,0.0000
HG01945,0.0000,0.9221,0.0779,0.0000,0.0000
HG01932,0.0000,1.0000,0.0000,0.0000,0.0000
HG01412,0.0375,0.5847,0.0000,0.3779,0.0000
HG01848,0.0000,0.0000,1.0000,0.0000,0.0000
HG03351,1.0000,0.0000,0.0000,0.0000,0.0000
NA18939,0.0005,0.0000,0.9995,0.0000,0.0000
NA18563,0.0000,0.0000,1.0000,0.0000,0.0000
HG02307,1.0000,0.0000,0.0000,0.0000,0.0000
NA12749,0.0000,0.0000,0.0000,1.0000,0.0000
HG03518,1.0000,0.0000,0.0000,0.0000,0.0000
NA19206,1.0000,0.0000,0.0000,0.0000,0.0000
NA20901,0.0000,0.0000,0.0000,0.0851,0.9149
HG03052,1.0000,0.0000,0.0000,0.0000,0.0000
HG01685,0.0156,0.0000,0.0000,0.9844,0.0000
HG00173,0.0000,0.0000,0.0484,0.9516,0.0000
NA20806,0.0000,0.0000,0.0000,1.0000,0.0000
NA19746,0.0000,0.9143,0.0857,0.0000,0.0000
HG02277,0.0000,0.9472,0.0528,0.0000,0.0000
HG00534,0.0000,0.0000,1.0000,0.0000,0.0000
HG02394,0.0000,0.0000,1.0000,0.0000,0.0000
NA18944,0.0000,0.0000,1.0000,0.0000,0.0000
HG03565,1.0000,0.0000,0.0000,0.0000,0.0000
HG01251,0.0000,0.6560,0.0000,0.3440,0.0000
HG03832,0.0000,0.0000,0.1054,0.0000,0.8946
NA19376,1.0000,0.0000,0.0000,0.0000,0.0000
HG02146,0.0000,0.9021,0.0979,0.0000,0.0000
HG00672,0.0000,0.0000,1.0000,0.0000,0.0000
NA12828,0.0000,0.0000,0.0000,1.0000,0.0000
NA19030,1.0000,0.0000,0.0000,0.0000,0.0000
HG04070,0.0000,0.0000,0.0000,0.0000,1.0000
NA21091,0.0000,0.0000,0.0000,0.0000,1.0000
HG00235,0.0000,0.0000,0.0000,1.0000,0.0000
HG00338,0.0000,0.0000,0.0354,0.9646,0.0000
NA19920,0.9662,0.0000,0.0000,0.0338,0.0000
NA20783,0.0000,0.0000,0.0000,1.0000,0.0000
HG01550,0.0000,0.6267,0.0000,0.3733,0.0000
HG01870,0.0000,0.0000,1.0000,0.0000,0.0000
HG03369,1.0000,0.0000,0.0000,0.0000,0.0000
HG01807,0.0000,0.0000,1.0000,0.0000,0.0000
HG02406,0.0000,0.0000,1.0000,0.0000,0.0000
HG00332,0.0000,0.0000,0.0384,0.9616,0.0000
HG04094,0.0000,-0.0000,0.0000,0.0000,1.0000
HG04177,0.0000,0.0000,0.0988,0.0000,0.9012
HG00345,0.0000,0.0000,0.0468,0.9532,0.0000
HG01894,0.9615,0.0000,0.0000,0.0385,0.0000
HG01977,0.0000,0.9483,0.0517,0.0000,0.0000
HG03363,1.0000,0.0000,0.0000,0.0000,0.0000
HG03280,1.0000,0.0000,0.0000,0.0000,0.0000
NA19137,1.0000,0.0000,0.0000,0.0000,0.0000
HG03753,0.0000,0.0000,0.0000,0.0000,1.0000
HG01067,0.0368,0.4397,0.0000,0.5235,0.0000
NA20320,0.9346,0.0000,0.0000,0.0654,0.0000
NA20357,0.9343,0.0000,0.0000,0.0657,0.0000
NA20849,0.0000,0.0000,0.0000,0.0000,1.0000
HG03060,1.0000,0.0000,0.0000,0.0000,0.0000
HG02691,0.0000,0.0000,0.0000,0.2497,0.7503
HG03907,0.0000,0.0000,0.0690,0.0000,0.9310
HG01269,0.0000,0.6798,0.0000,0.3202,0.0000
NA18526,0.0000,0.0000,1.0000,0.0000,0.0000
HG00476,0.0000,0.0000,1.0000,0.0000,0.0000
HG03557,1.0000,0.0000,0.0000,0.0000,0.0000
HG03899,0.0000,0.0000,0.0000,0.0000,1.0000
NA18976,0.0000,0.0000,1.0000,0.0000,0.0000
HG02232,0.0000,0.0000,0.0000,1.0000,0.0000
NA18998,0.0000,0.0000,1.0000,0.0000,0.0000
NA20514,0.0000,0.0000,0.0000,1.0000,0.0000
NA19679,0.0000,0.1390,0.0000,0.8610,0.0000
HG03084,1.0000,0.0000,0.0000,0.0000,0.0000
HG03189,1.0000,0.0000,0.0000,0.0000,0.0000
HG00136,0.0000,0.0000,0.0000,1.0000,0.0000
HG02675,1.0000,0.0000,0.0000,0.0000,0.0000
HG00141,0.0000,0.0000,0.0000,1.0000,0.0000
HG04209,0.0000,0.0000,0.0000,0.0000,1.0000
HG02778,0.0000,0.0000,0.0000,0.0000,1.0000
NA12341,0.0000,0.0000,0.0000,1.0000,0.0000
HG02702,1.0000,0.0000,0.0000,0.0000,0.0000
HG02696,0.0000,0.0000,0.0000,0.1224,0.8776
HG01280,0.0000,0.6812,0.0000,0.3188,0.0000
HG03900,0.0000,0.0000,0.0000,0.0000,1.0000
HG03977,0.0000,0.0000,0.0000,0.0000,1.0000
NA18876,1.0000,0.0000,0.0000,0.0000,0.0000
HG02332,0.9715,0.0000,0.0000,0.0285,0.0000
HG00406,0.0000,0.0000,1.0000,0.0000,0.0000
HG03870,0.0000,0.0000,0.0000,0.0000,1.0000
NA19239,1.0000,0.0000,0.0000,0.0000,0.0000
NA12776,0.0000,0.0000,0.0000,1.0000,0.0000
NA18971,0.0000,0.0000,1.0000,0.0000,0.0000
NA19773,0.0000,0.8516,0.0000,0.1484,0.0000
HG01623,0.0181,0.0000,0.0000,0.9819,0.0000
HG03117,1.0000,0.0000,0.0000,0.0000,0.0000
NA20513,0.0000,0.0000,0.0000,1.0000,0.0000
NA18628,0.0000,0.0000,1.0000,0.0000,0.0000
HG00675,0.0000,0.0000,1.0000,0.0000,0.0000
HG03729,0.0000,0.0000,0.0000,0.0000,1.0000
NA19037,1.0000,0.0000,0.0000,0.0000,0.0000
HG03653,0.0000,0.0000,0.0000,0.0794,0.9206
HG01167,0.2090,0.3884,0.0000,0.4026,0.0000
HG01110,0.0961,0.3240,0.0000,0.5799,0.0000
HG03624,0.0000,0.0000,0.0000,0.2398,0.7602
HG00232,0.0000,0.0000,0.0000,1.0000,0.0000
HG02571,1.0000,0.0000,0.0000,0.0000,0.0000
HG01800,0.0000,0.0000,1.0000,0.0000,0.0000
HG03380,1.0000,0.0000,0.0000,0.0000,0.0000
HG00342,0.0000,0.0000,0.0453,0.9547,0.0000
HG02476,0.8889,0.0000,0.0000,0.1111,0.0000
HG02595,1.0000,0.0000,0.0000,0.0000,0.0000
HG04107,0.0000,0.0000,0.0000,0.0000,1.0000
HG02401,0.0000,0.0000,1.0000,0.0000,0.0000
HG04093,0.0000,0.0000,0.0000,0.0000,1.0000
HG00238,0.0000,0.0000,0.0000,1.0000,0.0000
HG03313,1.0000,0.0000,0.0000,0.0000,0.0000
NA20760,0.0000,0.0000,0.0000,1.0000,0.0000
HG01970,0.0000,0.9496,0.0504,0.0000,0.0000
HG01893,0.0000,0.9711,0.0289,0.0000,0.0000
HG00705,0.0000,0.0000,1.0000,0.0000,0.0000
NA18622,0.0000,0.0000,1.0000,0.0000,0.0000
HG03754,0.0000,0.0000,0.0000,0.0000,1.0000
HG01060,0.0501,0.3449,0.0000,0.6050,0.0000
NA19130,1.0000,0.0000,0.0000,0.0000,0.0000
NA19147,1.0000,0.0000,0.0000,0.0000,0.0000
NA18564,0.0000,0.0000,1.0000,0.0000,0.0000
HG03848,0.0000,0.0000,0.0000,0.0000,1.0000
HG01351,0.0000,0.7050,0.0000,0.2950,0.0000
NA19201,1.0000,0.0000,0.0000,0.0000,0.0000
NA19395,1.0000,0.0000,0.0000,0.0000,0.0000
HG00190,0.0000,0.0000,0.0242,0.9758,0.0000
HG00109,0.0000,0.0000,0.0000,1.0000,0.0000
HG03022,0.0000,0.0000,0.0000,0.0000,1.0000
HG01682,0.0000,0.0000,0.0000,1.0000,0.0000
HG03055,1.0000,0.0000,0.0000,0.0000,0.0000
NA20906,0.0000,0.0000,0.0000,0.0000,1.0000
HG00103,0.0000,0.0000,0.0000,1.0000,0.0000
HG00097,0.0000,0.0000,0.0000,1.0000,0.0000
HG00174,0.0000,0.0000,0.0192,0.9808,0.0000
NA20876,0.0000,0.0000,0.0000,0.0000,1.0000
NA19741,0.0000,0.8589,0.1411,0.0000,0.0000
HG03028,1.0000,0.0000,0.0000,0.0000,0.0000
NA20801,0.0000,0.0000,0.0000,1.0000,0.0000
HG01785,0.0000,0.0000,0.0000,1.0000,0.0000
HG00864,0.0000,0.0000,1.0000,0.0000,0.0000
HG00449,0.0000,0.0000,1.0000,0.0000,0.0000
NA18943,0.0000,0.0000,1.0000,0.0000,0.0000
HG00533,0.0000,0.0000,1.0000,0.0000,0.0000
NA18934,1.0000,0.0000,0.0000,0.0000,0.0000
HG01256,0.0000,0.4302,-0.0000,0.5698,0.0000
HG03515,1.0000,0.0000,0.0000,0.0000,0.0000
HG01845,0.0000,0.0000,1.0000,0.0000,0.0000
NA19435,1.0000,0.0000,0.0000,0.0000,0.0000
NA20758,0.0000,0.0000,0.0000,1.0000,0.0000
HG01468,0.0000,0.4886,0.0000,0.5114,0.0000
NA19818,0.7745,0.0000,0.0000,0.2255,0.0000
HG01512,0.0000,0.0000,0.0000,1.0000,0.0000
HG01948,0.0000,0.8592,0.1408,0.0000,0.0000
HG01486,0.0000,0.8662,0.0000,0.1338,0.0000
HG01565,0.0000,0.9456,0.0544,0.0000,0.0000
HG02814,1.0000,0.0000,0.0000,0.0000,0.0000
HG02439,1.0000,0.0000,0.0000,0.0000,0.0000
NA21130,0.0000,0.0000,0.0000,0.0000,1.0000
NA19005,0.0000,0.0000,1.0000,0.0000,0.0000
HG01058,0.0917,0.4725,0.0000,0.4358,0.0000
HG03782,0.0000,0.0000,0.0000,0.0000,1.0000
HG03616,0.0000,0.0000,0.1125,0.0000,0.8875
HG02009,0.8898,0.0000,0.0000,0.1102,0.0000
HG02104,0.0000,0.8846,0.1154,0.0000,0.0000
NA20281,0.8832,0.0000,0.0000,0.1168,0.0000
HG01052,0.1848,0.5180,0.0000,0.2972,0.0000
NA11831,0.0000,0.0000,0.0000,1.0000,0.0000
NA19078,0.0000,0.0000,1.0000,0.0000,0.0000
HG03685,0.0000,0.0000,0.0000,0.0000,1.0000
HG03788,0.0000,0.0000,0.0000,0.0000,1.0000
HG02003,0.0000,0.9143,0.0857,0.0000,0.0000
HG00740,0.0710,0.4359,0.0000,0.4931,0.0000
NA18610,0.0000,0.0000,1.0000,0.0000,0.0000
HG02179,0.0000,0.0000,1.0000,0.0000,0.0000
NA19448,1.0000,0.0000,0.0000,0.0000,0.0000
HG01935,0.0000,1.0000,0.0000,0.0000,0.0000
HG01518,-0.0000,0.0000,0.0000,1.0000,0.0000
HG01942,0.0000,1.0000,0.0000,0.0000,0.0000
HG02433,0.9076,0.0000,0.0000,0.0924,0.0000
HG02549,1.0000,0.0000,0.0000,0.0000,0.0000
HG02887,1.0000,0.0000,0.0000,0.0000,0.0000
NA19717,0.0000,0.9632,0.0368,0.0000,0.0000
HG02661,0.0000,0.0000,0.0000,0.1463,0.8537
HG00155,0.0000,0.0000,0.0000,1.0000,0.0000
HG00122,0.0000,0.0000,0.0000,1.0000,0.0000
HG01200,0.0291,0.2745,0.0000,0.6965,0.0000
NA19327,1.0000,0.0000,0.0000,0.0000,0.0000
HG03814,0.0000,0.0000,0.1107,0.0000,0.8893
NA19350,1.0000,0.0000,0.0000,0.0000,0.0000
NA18915,1.0000,0.0000,0.0000,0.0000,0.0000
NA18881,1.0000,0.0000,0.0000,0.0000,0.0000
NA19257,1.0000,0.0000,0.0000,0.0000,0.0000
HG03887,0.0000,0.0000,0.0000,0.0000,1.0000
HG03433,1.0000,0.0000,0.0000,0.0000,0.0000
NA18532,0.0000,0.0000,1.0000,0.0000,0.0000
NA18865,1.0000,0.0000,0.0000,0.0000,0.0000
HG00581,0.0000,0.0000,1.0000,0.0000,0.0000
HG02356,0.0000,0.0000,1.0000,0.0000,0.0000
HG00128,0.0000,0.0000,0.0000,1.0000,0.0000
NA18646,0.0000,0.0000,1.0000,0.0000,0.0000
NA18631,0.0000,0.0000,1.0000,0.0000,0.0000
HG01073,0.0400,0.4457,0.0000,0.5143,0.0000
HG02568,1.0000,0.0000,0.0000,0.0000,0.0000
HG04019,0.0000,0.0000,0.0000,0.0000,1.0000
HG00351,0.0000,0.0000,0.0390,0.9610,0.0000
HG00326,0.0000,0.0000,0.0331,0.9669,0.0000
HG01880,0.5908,0.0000,0.0376,0.0000,0.3716
HG01914,0.9018,0.0000,0.0000,0.0982,0.0000
HG03300,1.0000,0.0000,0.0000,0.0000,0.0000
HG03294,1.0000,0.0000,0.0000,0.0000,0.0000
HG02481,0.9565,0.0000,0.0000,0.0435,0.0000
HG02938,1.0000,0.0000,0.0000,0.0000,0.0000
NA21111,0.0000,0.0000,0.0000,0.0000,1.0000
HG00256,0.0000,0.0000,0.0000,1.0000,0.0000
HG01864,0.0000,0.0000,1.0000,0.0000,0.0000
HG02152,0.0000,0.0000,1.0000,0.0000,0.0000
HG03640,0.0000,0.0000,0.0000,0.0000,1.0000
HG01174,0.0321,0.3569,0.0000,0.6109,0.0000
NA19129,1.0000,0.0000,0.0000,0.0000,0.0000
HG01079,0.1259,0.3941,0.0000,0.4800,0.0000
HG02380,0.0000,0.0000,1.0000,0.0000,0.0000
HG00557,0.0000,0.0000,1.0000,0.0000,0.0000
HG01348,0.0000,1.0000,0.0000,0.0000,0.0000
HG03851,0.0000,0.0000,0.0000,0.0000,1.0000
NA19315,1.0000,0.0000,0.0000,0.0000,0.0000
HG02624,1.0000,0.0000,0.0000,0.0000,0.0000
HG00110,0.0000,0.0000,0.0000,1.0000,0.0000
HG01796,0.0000,0.0000,1.0000,0.0000,0.0000
HG03136,1.0000,0.0000,0.0000,0.0000,0.0000
HG01602,0.0150,0.0000,0.0000,0.9850,0.0000
NA19752,0.0000,0.9495,0.0505,0.0000,0.0000
NA19725,0.0000,0.8203,0.0000,0.1797,0.0000
NA20812,0.0000,0.0000,0.0000,1.0000,0.0000
NA12383,0.0000,0.0000,0.0000,1.0000,0.0000
HG04225,0.0000,0.0000,0.0000,0.0000,1.0000
HG01608,0.0109,0.0000,0.0000,0.9891,0.0000
NA20881,0.0000,0.0000,0.0000,0.2412,0.7588
NA19655,0.0000,0.7705,0.0000,0.2295,0.0000
NA20818,0.0000,0.0000,0.0000,1.0000,0.0000
HG03046,1.0000,0.0000,0.0000,0.0000,0.0000
NA19758,0.0000,0.8891,0.1109,0.0000,0.0000
NA18577,0.0000,0.0000,1.0000,0.0000,0.0000
HG02364,0.0000,0.0000,1.0000,0.0000,0.0000
NA18599,0.0000,0.0000,1.0000,0.0000,0.0000
HG03595,0.0000,0.0000,0.0999,0.0000,0.9001
HG03401,1.0000,0.0000,0.0000,0.0000,0.0000
HG03476,1.0000,0.0000,0.0000,-0.0000,0.0000
HG01342,0.3150,0.5859,0.0000,0.0991,0.0000
NA07051,0.0000,0.0000,0.0000,1.0000,0.0000
HG02977,1.0000,0.0000,0.0000,0.0000,0.0000
NA21129,0.0000,0.0000,0.0000,0.0000,1.0000
HG02420,0.6041,0.0000,0.0000,0.3959,0.0000
HG00280,0.0000,0.0000,0.0363,0.9637,0.0000
NA18603,0.0000,0.0000,1.0000,0.0000,0.0000
HG00629,0.0000,0.0000,1.0000,0.0000,0.0000
HG02089,0.0000,0.9508,0.0492,0.0000,0.0000
HG02184,0.0000,0.0000,1.0000,0.0000,0.0000
NA12873,0.0000,0.0000,0.0000,1.0000,0.0000
HG02010,0.8914,0.0000,0.0000,0.1086,0.0000
HG02067,0.0000,0.0000,1.0000,0.0000,0.0000
HG01131,0.0000,0.6902,0.0000,0.3098,0.0000
HG03708,0.0000,0.0000,0.0000,0.0810,0.9190
NA20298,0.9762,0.0238,0.0000,0.0000,0.0000
HG00654,0.0000,0.0000,1.0000,0.0000,0.0000
NA18609,0.0000,0.0000,1.0000,0.0000,0.0000
HG00759,0.0000,0.0000,1.0000,0.0000,0.0000
HG01501,0.0202,0.0000,0.0000,0.9798,0.0000
HG03235,0.0000,0.0000,0.0000,0.1933,0.8067
HG01495,0.0450,0.9550,0.0000,0.0000,0.0000
NA19451,1.0000,0.0000,0.0000,0.0000,0.0000
NA21123,0.0000,0.0000,0.0000,0.0000,1.0000
HG04056,0.0000,0.0000,0.0000,0.0000,1.0000
HG02807,1.0000,0.0000,0.0000,0.0000,0.0000
HG00369,0.0000,0.0000,0.0000,1.0000,0.0000
HG03745,0.0000,0.0000,0.0000,0.0000,1.0000
NA18644,0.0000,0.0000,1.0000,0.0000,0.0000
HG00619,0.0000,0.0000,1.0000,0.0000,0.0000
NA18633,0.0000,0.0000,1.0000,0.0000,0.0000
NA18749,0.0000,0.0000,1.0000,0.0000,0.0000
HG02057,0.0000,0.0000,0.9877,0.0000,0.0123
NA12843,0.0000,0.0000,0.0000,1.0000,0.0000
HG01961,0.0000,0.8545,0.1455,0.0000,0.0000
NA20771,0.0000,0.0000,-0.0000,1.0000,0.0000
HG01441,0.0000,0.9585,0.0000,0.0415,0.0000
HG02489,0.9309,0.0000,0.0000,0.0691,0.0000
HG02947,1.0000,0.0000,0.0000,0.0000,0.0000
HG00353,0.0000,0.0000,0.0437,0.9563,0.0000
HG04161,0.0000,0.0000,0.1215,0.0000,0.8785
HG00324,0.0000,0.0000,0.0444,0.9556,0.0000
HG02410,0.0000,0.0000,1.0000,0.0000,0.0000
NA20795,0.0000,0.0000,0.0000,1.0000,0.0000
HG01531,0.0123,0.0000,0.0000,0.9877,0.0000
HG01811,0.0000,0.0000,1.0000,0.0000,0.0000
HG01985,0.9734,0.0000,0.0000,0.0266,0.0000
HG04185,0.0000,0.0000,0.0000,0.0000,1.0000
NA21113,0.0000,0.0000,0.0000,0.0000,1.0000
HG02840,1.0000,0.0000,0.0000,0.0000,0.0000
HG02837,1.0000,0.0000,0.0000,0.0000,0.0000
NA11881,0.0000,0.0000,0.0000,1.0000,0.0000
HG03642,0.0000,0.0000,0.0000,0.0000,1.0000
HG01095,0.0609,0.3889,0.0000,0.5502,0.0000
HG01198,0.1466,0.4101,0.0000,0.4433,0.0000
HG02127,0.0000,0.0000,1.0000,0.0000,0.0000
HG00613,0.0000,0.0000,1.0000,0.0000,0.0000
NA12413,0.0000,0.0000,0.0000,1.0000,0.0000
HG02780,0.0000,0.0000,0.0000,0.0000,1.0000
HG02614,1.0000,0.0000,0.0000,0.0000,0.0000
HG00120,0.0000,0.0000,0.0000,1.0000,0.0000
HG01632,0.0000,0.0000,0.0000,1.0000,0.0000
NA20502,0.0000,0.0000,0.0000,1.0000,0.0000
NA20822,0.0000,0.0000,0.0000,1.0000,0.0000
NA19681,0.0000,0.9426,0.0574,0.0000,0.0000
HG02253,-0.0000,1.0000,0.0000,0.0000,0.0000
NA18960,0.0000,0.0000,1.0000,0.0000,0.0000
HG00589,0.0000,0.0000,1.0000,0.0000,0.0000
HG01396,0.1350,0.5228,0.0000,0.3422,0.0000
HG01275,0.0000,0.1572,0.0000,0.8428,0.0000
HG03861,0.0000,0.0000,0.0000,0.0000,1.0000
HG01378,0.0000,1.0000,0.0000,0.0000,0.0000
NA18547,0.0000,0.0000,1.0000,0.0000,0.0000
HG00583,-0.0000,0.0000,1.0000,0.0000,0.0000
NA18867,1.0000,0.0000,0.0000,0.0000,0.0000
NA18984,0.0000,0.0000,1.0000,0.0000,0.0000
HG03885,0.0000,0.0000,0.0000,0.0000,1.0000
HG03911,0.0000,0.0000,0.0627,0.0000,0.9373
NA19222,1.0000,0.0000,0.0000,0.0000,0.0000
HG03446,1.0000,0.0000,0.0000,0.0000,0.0000
HG02687,-0.0000,0.0000,0.0000,0.0000,1.0000
NA20828,0.0000,0.0000,0.0000,1.0000,0.0000
HG03195,1.0000,0.0000,0.0000,0.0000,0.0000
HG04029,0.0000,0.0000,0.0000,0.0000,1.0000
HG02896,1.0000,0.0000,0.0000,0.0000,0.0000
HG02878,1.0000,0.0000,0.0000,0.0000,0.0000
HG00282,0.0000,0.0000,0.0468,0.9532,0.0000
HG04153,0.0000,0.0000,0.0918,0.0000,0.9082
HG00361,0.0000,0.0000,0.0561,0.9439,0.0000
HG01924,0.0000,0.8508,0.1492,0.0000,0.0000
HG01509,0.0152,0.0000,-0.0000,0.9848,0.0000
NA19087,0.0000,0.0000,1.0000,0.0000,0.0000
HG01139,0.1253,0.7424,0.0000,0.1323,0.0000
HG03777,0.0000,0.0000,0.0000,0.0000,1.0000
HG03694,0.0000,0.0000,0.0559,0.0881,0.8560
HG02081,0.0000,0.0000,1.0000,0.0000,0.0000
HG03793,0.0000,0.0000,0.0000,0.0000,1.0000
NA19119,1.0000,0.0000,0.0000,0.0000,0.0000
HG01133,0.0000,0.4132,0.0000,0.5868,0.0000
HG01049,0.2029,0.4094,0.0000,0.3878,0.0000
NA19063,0.0000,0.0000,1.0000,0.0000,0.0000
HG00266,0.0000,0.0000,0.0538,0.9462,0.0000
HG04023,0.0000,0.0000,0.0000,0.0000,1.0000
HG04159,0.0000,0.0000,0.0722,0.0000,0.9278
HG02805,1.0000,0.0000,0.0000,0.0000,0.0000
HG00288,0.0000,0.0000,0.0575,0.9425,0.0000
HG03237,0.0000,0.0000,0.0000,0.2393,0.7607
HG01497,0.0000,0.9064,0.0000,0.0936,0.0000
HG03240,1.0000,0.0000,0.0000,0.0000,0.0000
HG01479,0.0000,0.3662,0.0000,0.6338,0.0000
HG01247,0.1508,0.4949,0.0000,0.3543,0.0000
HG03490,0.0000,0.0000,0.0000,0.1926,0.8074
NA19360,1.0000,0.0000,0.0000,0.0000,0.0000
NA19317,1.0000,0.0000,0.0000,0.0000,0.0000
HG02382,0.0000,0.0000,1.0000,0.0000,0.0000
NA18952,0.0000,0.0000,1.0000,0.0000,0.0000
NA18508,1.0000,0.0000,0.0000,0.0000,0.0000
NA18591,0.0000,0.0000,1.0000,0.0000,0.0000
HG01794,0.0000,0.0000,1.0000,0.0000,0.0000
NA19750,0.0000,0.6989,0.0000,0.3011,0.0000
NA20810,0.0000,0.0000,0.0000,1.0000,0.0000
HG01699,0.0000,0.0000,0.0000,1.0000,0.0000
HG02651,0.0000,0.0000,0.0000,0.1959,0.8041
NA06986,0.0000,0.0000,0.0000,1.0000,0.0000
NA12286,0.0000,0.0000,0.0000,1.0000,0.0000
NA19657,0.0000,0.9493,0.0507,0.0000,0.0000
HG04227,0.0000,0.0000,0.0355,0.0000,0.9645
HG02721,1.0000,0.0000,0.0000,0.0000,0.0000
NA19210,1.0000,0.0000,0.0000,0.0000,0.0000
NA19384,1.0000,0.0000,0.0000,0.0000,0.0000
NA18502,1.0000,0.0000,0.0000,0.0000,0.0000
HG02285,0.0000,0.9320,0.0680,0.0000,0.0000
NA19042,1.0000,0.0000,0.0000,0.0000,0.0000
NA11892,0.0000,0.0000,0.0000,1.0000,0.0000
HG01112,0.0000,0.2183,0.0000,0.7817,0.0000
NA19138,1.0000,0.0000,0.0000,0.0000,0.0000
HG01086,0.0792,0.5281,0.0000,0.3927,0.0000
NA12400,0.0000,0.0000,0.0000,1.0000,0.0000
HG02134,0.0000,0.0000,1.0000,0.0000,0.0000
HG02143,0.8574,0.0000,0.0000,0.1426,0.0000
HG01802,0.0000,0.0000,1.0000,0.0000,0.0000
NA20786,0.0000,0.0000,0.0000,1.0000,0.0000
HG03382,1.0000,0.0000,0.0000,0.0000,0.0000
HG01522,0.0000,0.0000,0.0000,1.0000,0.0000
HG02409,0.0000,0.0000,1.0000,0.0000,0.0000
NA21094,0.0000,0.0000,0.0000,0.0000,1.0000
HG04075,0.0000,0.0000,0.0000,0.0000,1.0000
HG02573,1.0000,0.0000,0.0000,0.0000,0.0000
HG03311,1.0000,0.0000,0.0000,0.0000,0.0000
NA20762,0.0000,0.0000,0.0000,1.0000,0.0000
HG01808,0.0000,0.0000,1.0000,0.0000,0.0000
HG01528,0.0091,0.0000,0.0000,0.9909,0.0000
HG00337,0.0000,0.0000,0.0000,1.0000,0.0000
NA11995,0.0000,0.0000,-0.0000,1.0000,0.0000
HG00707,0.0000,0.0000,1.0000,0.0000,0.0000
HG00693,0.0000,0.0000,1.0000,0.0000,0.0000
NA18620,0.0000,0.0000,0.9998,0.0002,0.0000
HG02700,0.0000,0.0000,0.0000,0.2153,0.7847
HG02694,-0.0000,0.0000,0.0000,0.2694,0.7306
NA12234,0.0000,0.0000,0.0000,1.0000,0.0000
HG02799,1.0000,0.0000,0.0000,0.0000,0.0000
HG00139,0.0000,0.0000,0.0000,1.0000,0.0000
NA20582,0.0000,0.0000,0.0000,1.0000,0.0000
HG03012,0.0000,0.0000,0.1044,0.0000,0.8956
NA19795,0.0000,0.9654,0.0346,0.0000,0.0000
HG00590,0.0000,0.0000,1.0000,0.0000,0.0000
HG00404,0.0000,0.0000,1.0000,0.0000,0.0000
HG02330,0.9489,0.0000,0.0000,0.0511,0.0000
NA18997,0.0003,0.0000,0.9997,0.0000,0.0000
NA18523,1.0000,0.0000,0.0000,0.0000,0.0000
NA18979,0.0000,0.0000,1.0000,0.0000,0.0000
HG03455,1.0000,0.0000,0.0000,0.0000,0.0000
HG03896,0.0000,0.0000,0.0000,0.0000,1.0000
HG03902,0.0000,0.0000,0.0739,0.0000,0.9261
HG00479,0.0000,0.0000,1.0000,0.0000,0.0000
HG03872,0.0000,0.0000,0.0000,0.0000,1.0000
HG03991,0.0000,0.0000,0.0000,0.0000,1.0000
HG03908,0.0000,0.0000,0.0840,0.0000,0.9160
HG02793,0.0000,0.0000,0.0000,0.0000,1.0000
HG00133,0.0000,0.0000,0.0000,1.0000,0.0000
NA19771,0.0000,0.9684,0.0316,0.0000,0.0000
NA20846,0.0000,0.0000,0.0000,0.0994,0.9006
HG03115,1.0000,0.0000,0.0000,0.0000,0.0000
HG02816,1.0000,0.0000,0.0000,0.0000,0.0000
HG00378,0.0000,0.0000,0.0327,0.9673,0.0000
HG00275,0.0000,0.0000,0.0253,0.9747,0.0000
HG02541,0.8595,0.0000,0.0000,0.1405,0.0000
HG04047,0.0000,0.0000,0.0000,0.0000,1.0000
HG01847,0.0000,0.0000,1.0000,0.0000,0.0000
HG01589,0.0000,0.0000,0.0000,0.2095,0.7905
NA19437,1.0000,0.0000,0.0000,0.0000,0.0000
HG01510,0.0000,0.0000,0.0000,1.0000,0.0000
NA19007,0.0000,0.0000,1.0000,0.0000,0.0000
NA20289,0.8277,0.0000,0.0000,0.1723,0.0000
NA19070,0.0000,0.0000,1.0000,0.0000,0.0000
HG03663,0.0000,0.0000,0.0000,0.0000,1.0000
HG02076,0.0000,0.0000,1.0000,0.0000,0.0000
HG00742,0.0387,0.2070,0.0000,0.7543,0.0000
NA18612,0.0000,0.0000,1.0000,0.0000,0.0000
HG00638,0.1369,0.4215,0.0000,0.4417,0.0000
NA20317,0.7587,0.0000,0.0000,0.2413,0.0000
HG03713,0.0000,0.0000,0.0000,0.0979,0.9021
HG00372,0.0000,0.0000,0.0000,1.0000,0.0000
HG02885,1.0000,0.0000,0.0000,0.0000,0.0000
NA19984,0.9103,0.0000,0.0000,0.0897,0.0000
NA07037,0.0000,0.0000,0.0000,1.0000,0.0000
HG01583,0.0000,0.0000,0.0000,0.1637,0.8363
HG03259,1.0000,0.0000,0.0000,0.0000,0.0000
HG03410,1.0000,0.0000,0.0000,0.0000,0.0000
NA19379,1.0000,0.0000,0.0000,0.0000,0.0000
HG02375,0.0000,0.0000,1.0000,0.0000,0.0000
HG00436,0.0000,0.0000,1.0000,0.0000,0.0000
HG02278,0.0000,0.9019,0.0981,0.0000,0.0000
NA18566,0.0000,0.0000,1.0000,0.0000,0.0000
NA18511,1.0000,0.0000,0.0000,0.0000,0.0000
NA20809,0.0000,0.0000,0.0000,1.0000,0.0000
HG03057,1.0000,0.0000,0.0000,0.0000,0.0000
NA20904,0.0000,0.0000,0.0000,0.2449,0.7551
NA20890,0.0000,0.0000,0.0000,0.1706,0.8294
HG01619,0.0128,0.0000,0.0000,0.9872,0.0000
NA20529,0.0000,0.0000,0.0000,1.0000,0.0000
HG02648,0.0000,0.0000,0.0000,0.2806,0.7194
NA19734,0.0000,0.9370,0.0630,0.0000,0.0000
HG01613,0.0000,0.0000,0.0005,0.9995,0.0000
HG03127,1.0000,0.0000,0.0000,0.0000,0.0000
HG00101,0.0000,0.0000,0.0000,1.0000,0.0000
HG02642,1.0000,0.0000,0.0000,0.0000,0.0000
HG00176,0.0000,0.0000,0.0503,0.9497,0.0000
HG01359,0.0000,0.6409,0.0000,0.3591,0.0000
NA19209,1.0000,0.0000,0.0000,0.0000,0.0000
HG03517,1.0000,0.0000,0.0000,0.0000,0.0000
NA18941,0.0000,0.0000,1.0000,0.0000,0.0000
HG01259,0.0000,0.3767,0.0000,0.6233,0.0000
HG03937,0.0000,0.0000,0.0817,0.0000,0.9183
HG03940,0.0000,0.0000,0.0000,0.0000,1.0000
NA19390,1.0000,0.0000,0.0000,0.0000,0.0000
NA19204,1.0000,0.0000,0.0000,0.0000,0.0000
HG01354,0.0000,0.3961,0.0000,0.6039,0.0000
HG03460,1.0000,0.0000,0.0000,0.0000,0.0000
NA19309,1.0000,0.0000,0.0000,0.0000,0.0000
HG03583,1.0000,0.0000,0.0000,0.0000,0.0000
NA18516,1.0000,0.0000,0.0000,0.0000,0.0000
NA18561,0.0000,0.0000,1.0000,0.0000,0.0000
HG02291,0.0000,0.8700,0.1300,0.0000,0.0000
HG00446,0.0000,0.0000,1.0000,0.0000,0.0000
HG01669,0.0408,0.0000,0.0000,0.9592,0.0000
NA20897,0.0000,0.0000,0.0000,0.0000,1.0000
NA20903,0.0000,0.0000,0.0000,0.0813,0.9187
HG03027,1.0000,0.0000,0.0000,0.0000,0.0000
NA20524,0.0000,0.0000,0.0000,1.0000,0.0000
NA20804,0.0000,0.0000,0.0000,1.0000,0.0000
HG02645,1.0000,0.0000,0.0000,0.0000,0.0000
HG00171,0.0000,0.0000,0.0442,0.9558,0.0000
HG00106,0.0000,0.0000,0.0000,1.0000,0.0000
HG04239,0.0000,0.0000,0.0000,0.0000,1.0000
HG03484,1.0000,0.0000,0.0000,0.0000,0.0000
HG01253,0.0000,0.6010,0.0000,0.3990,0.0000
HG03567,1.0000,0.0000,0.0000,0.0000,0.0000
HG03589,0.0000,0.0000,0.0629,0.0000,0.9371
HG03830,0.0000,0.0000,0.1285,0.0000,0.8715
NA19374,1.0000,0.0000,0.0000,0.0000,0.0000
HG00536,0.0000,0.0000,1.0000,0.0000,0.0000
NA18946,0.0000,0.0000,1.0000,0.0000,0.0000
NA21142,0.0000,0.0000,0.0000,0.0000,1.0000
NA21135,0.0000,0.0000,0.0000,0.0000,1.0000
HG02888,1.0000,0.0000,0.0000,0.0000,0.0000
HG02546,0.9743,0.0000,0.0000,0.0000,0.0257
NA12005,0.0000,0.0000,0.0000,1.0000,0.0000
HG00308,0.0000,0.0000,0.0503,0.9497,0.0000
HG02811,1.0000,0.0000,0.0000,0.0000,0.0000
NA19430,1.0000,0.0000,0.0000,0.0000,0.0000
HG01840,0.0000,0.0000,0.9999,0.0000,0.0001
HG02095,1.0000,0.0000,0.0000,0.0000,0.0000
NA11933,0.0000,0.0000,0.0000,1.0000,0.0000
NA19099,1.0000,0.0000,0.0000,0.0000,0.0000
NA19077,0.0000,0.0000,1.0000,0.0000,0.0000
NA19000,0.0000,0.0000,1.0000,0.0000,0.0000
NA18615,0.0000,0.0000,1.0000,0.0000,0.0000
NA12812,0.0000,0.0000,0.0000,1.0000,0.0000
HG00732,0.0193,0.3730,0.0000,0.6077,0.0000
HG02006,0.3323,0.6677,0.0000,0.0000,0.0000
HG03619,0.0000,0.0000,0.0000,0.2851,0.7149
NA19107,1.0000,0.0000,0.0000,0.0000,0.0000
NA19093,1.0000,0.0000,0.0000,0.0000,0.0000
HG03680,0.0000,0.0000,0.0000,0.0000,1.0000
HG03714,0.0000,0.0000,0.0000,0.1196,0.8804
NA11843,0.0000,0.0000,0.0000,1.0000,0.0000
HG02882,1.0000,0.0000,0.0000,0.0000,0.0000
HG01489,0.0000,0.3315,0.0000,0.6685,0.0000
HG01947,0.0000,1.0000,0.0000,0.0000,0.0000
NA20757,0.0000,0.0000,0.0000,1.0000,0.0000
HG00149,0.0000,0.0000,0.0000,1.0000,0.0000
NA19792,0.0000,0.7878,0.0000,0.2122,0.0000
HG03015,0.0000,0.0000,0.0000,0.0000,1.0000
NA20585,0.0000,0.0000,0.0000,1.0000,0.0000
NA18553,0.0000,0.0000,1.0000,0.0000,0.0000
NA18990,0.0000,0.0000,1.0000,0.0000,0.0000
HG00403,0.0000,0.0000,1.0000,0.0000,0.0000
NA18873,1.0000,0.0000,0.0000,0.0000,0.0000
HG03905,0.0000,0.0000,0.0884,0.0000,0.9116
HG03452,1.0000,0.0000,0.0000,0.0000,0.0000
HG01366,0.0443,0.7002,0.0000,0.2555,0.0000
HG03808,0.0000,0.0000,0.1223,0.0000,0.8777
HG02230,-0.0000,0.0000,0.0000,1.0000,0.0000
NA18559,0.0000,0.0000,1.0000,0.0000,0.0000
HG00409,0.0000,0.0000,1.0000,0.0000,0.0000
NA18879,1.0000,0.0000,0.0000,0.0000,0.0000
HG03978,0.0000,0.0000,0.0000,0.0000,1.0000
HG03458,1.0000,0.0000,0.0000,0.0000,0.0000
HG03802,0.0000,0.0000,0.0584,0.0000,0.9416
HG03875,0.0000,0.0000,0.0000,0.0908,0.9092
NA19331,1.0000,0.0000,0.0000,0.0000,0.0000
HG02600,0.0000,0.0000,0.0000,0.0682,0.9318
HG00143,0.0000,0.0000,0.0000,1.0000,0.0000
HG02699,0.0000,0.0000,0.0000,0.2482,0.7518
NA20516,0.0000,0.0000,0.0000,1.0000,0.0000
HG03086,1.0000,0.0000,0.0000,0.0000,0.0000
HG03112,1.0000,0.0000,0.0000,0.0000,0.0000
HG01626,0.0204,0.0000,0.0000,0.9796,0.0000
NA19701,0.8918,0.0512,0.0000,0.0570,0.0000
HG01162,0.0962,0.2651,0.2284,0.1549,0.2554
HG02144,0.9728,0.0000,0.0000,0.0272,0.0000
HG00607,0.0000,0.0000,1.0000,0.0000,0.0000
HG02049,0.0000,0.0000,1.0000,0.0000,0.0000
NA18757,0.0000,0.0128,0.9872,0.0000,0.0000
HG01525,0.0107,0.0000,0.0000,0.9893,0.0000
HG03385,1.0000,0.0000,0.0000,0.0000,0.0000
HG01872,0.0000,0.0000,1.0000,0.0000,0.0000
NA19475,1.0000,0.0000,0.0000,0.0000,0.0000
HG01805,0.0000,0.0000,1.0000,0.0000,0.0000
HG02574,1.0000,0.0000,0.0000,0.0000,0.0000
NA21107,0.0000,0.0000,0.0000,0.0000,1.0000
NA21093,0.0000,0.0000,0.0000,0.0000,1.0000
HG00237,0.0000,0.0000,0.0000,1.0000,0.0000
HG01896,1.0000,0.0000,0.0000,0.0000,0.0000
HG01878,0.0000,0.0000,0.9872,0.0000,0.0128
NA20765,0.0000,0.0000,0.0000,1.0000,0.0000
HG02953,1.0000,0.0000,0.0000,0.0000,0.0000
HG00330,0.0000,0.0000,0.0324,0.9676,0.0000
HG01168,0.0000,0.2171,0.0000,0.7829,0.0000
NA11992,0.0000,0.0000,0.0000,1.0000,0.0000
NA18627,0.0000,0.0000,1.0000,0.0000,0.0000
HG02139,0.0000,0.0000,1.0000,0.0000,0.0000
NA19310,1.0000,0.0000,0.0000,0.0000,0.0000
HG03479,1.0000,0.0000,0.0000,0.0000,0.0000
NA18596,0.0000,0.0000,1.0000,0.0000,0.0000
HG00428,0.0000,0.0000,1.0000,0.0000,0.0000
HG02266,0.0000,0.9086,0.0914,0.0000,0.0000
HG01607,0.0000,0.0000,0.0000,1.0000,0.0000
HG03133,1.0000,0.0000,0.0000,0.0000,0.0000
NA20540,0.0000,0.0000,0.0000,0.9993,0.0007
HG01670,0.0000,0.0000,0.0000,1.0000,0.0000
HG00115,0.0000,0.0000,0.0000,1.0000,0.0000
HG01700,0.0000,0.0000,0.0000,1.0000,0.0000
NA20884,0.0000,0.0000,0.0000,0.0000,1.0000
HG03139,1.0000,0.0000,0.0000,0.0000,0.0000
HG01799,0.0000,0.0000,1.0000,0.0000,0.0000
HG00186,0.0000,0.0000,0.0452,0.9548,0.0000
HG03829,0.0000,0.0000,0.1053,0.0000,0.8947
HG03473,1.0000,0.0000,0.0000,0.0000,0.0000
HG00422,0.0000,0.0000,1.0000,0.0000,0.0000
NA18505,1.0000,0.0000,0.0000,0.0000,0.0000
HG00366,0.0000,0.0000,0.0532,0.9468,0.0000
HG02808,1.0000,0.0000,0.0000,0.0000,0.0000
HG00285,0.0000,0.0000,0.0428,0.9572,0.0000
HG00311,0.0000,0.0000,0.0000,1.0000,0.0000
HG02891,1.0000,0.0000,0.0000,0.0000,0.0000
HG01403,0.1293,0.5086,0.0000,0.3621,0.0000
NA19429,1.0000,0.0000,0.0000,0.0000,0.0000
HG01474,0.0000,0.3722,0.0000,0.6278,0.0000
HG01954,0.0000,0.8856,0.1144,0.0000,0.0000
HG02181,0.0000,0.0000,1.0000,0.0000,0.0000
NA18606,0.0000,0.0000,1.0000,0.0000,0.0000
HG03693,0.0000,0.0000,0.0000,0.0000,1.0000
HG03770,0.0000,0.0000,0.0000,0.0000,1.0000
NA19114,1.0000,0.0000,0.0000,0.0000,0.0000
NA19080,0.0000,0.0000,1.0000,0.0000,0.0000
HG02086,0.0000,0.0000,1.0000,0.0000,0.0000
HG00626,0.0000,0.0000,1.0000,0.0000,0.0000
HG02165,0.0000,0.0000,0.9997,0.0000,0.0003
HG00651,0.0000,0.0000,1.0000,0.0000,0.0000
NA19064,0.0000,0.0000,1.0000,0.0000,0.0000
NA11920,0.0000,0.0000,0.0000,1.0000,0.0000
HG01134,0.0705,0.6008,0.0000,0.3287,0.0000
HG03600,0.0000,0.0000,0.0000,0.0000,1.0000
NA21126,0.0000,0.0000,0.0000,0.0000,1.0000
HG00261,0.0000,0.0000,0.0000,1.0000,0.0000
HG02555,0.9586,0.0000,0.0000,0.0414,0.0000
NA19454,1.0000,0.0000,0.0000,0.0000,0.0000
HG01853,0.0000,0.0000,0.9994,0.0000,0.0006
HG03247,1.0000,0.0000,0.0000,0.0000,0.0000
HG02613,1.0000,0.0000,0.0000,0.0000,0.0000
HG02787,0.0000,0.0000,0.0000,0.0000,1.0000
HG00150,0.0000,0.0000,0.0000,1.0000,0.0000
HG03198,1.0000,0.0000,0.0000,0.0000,0.0000
HG03095,1.0000,0.0000,0.0000,0.0000,0.0000
NA18989,0.0000,0.0000,1.0000,0.0000,0.0000
NA18967,0.0000,0.0000,1.0000,0.0000,0.0000
HG02223,0.0000,0.0000,0.0000,1.0000,0.0000
NA18910,1.0000,0.0000,0.0000,0.0000,0.0000
NA19355,1.0000,0.0000,0.0000,0.0000,0.0000
HG03866,0.0000,0.0000,0.0000,0.0000,1.0000
HG01308,0.1928,0.4740,0.0000,0.3331,0.0000
HG01272,0.1071,0.8929,0.0000,0.0000,0.0000
HG03888,0.0000,0.0000,0.0000,0.1084,0.8916
HG01205,0.0729,0.3661,0.0000,0.5610,0.0000
NA18983,0.0000,0.0000,1.0000,0.0000,0.0000
NA19328,1.0000,0.0000,0.0000,0.0000,0.0000
HG03436,1.0000,0.0000,0.0000,0.0000,0.0000
NA19225,1.0000,0.0000,0.0000,0.0000,0.0000
HG03882,0.0000,0.0000,0.0000,0.0000,1.0000
HG02763,1.0000,0.0000,0.0000,0.0000,0.0000
HG04212,0.0000,0.0000,0.0000,0.0000,1.0000
HG03006,0.0000,0.0000,0.0492,0.0000,0.9508
NA20858,0.0000,0.0000,0.0000,0.2964,0.7036
NA11918,0.0000,0.0000,0.0000,1.0000,0.0000
HG01098,0.0517,0.4256,0.0000,0.5227,0.0000
HG02050,0.0000,0.0000,1.0000,0.0000,0.0000
NA18634,0.0000,0.0000,1.0000,0.0000,0.0000
NA18643,0.0000,0.0000,1.0000,0.0000,0.0000
HG01988,0.5853,0.0000,0.0000,0.4147,0.0000
HG03291,1.0000,0.0000,0.0000,0.0000,0.0000
HG01431,0.0449,0.6954,0.0000,0.2597,0.0000
HG00323,0.0000,0.0000,0.0375,0.9625,0.0000
HG02583,1.0000,0.0000,0.0000,0.0000,0.0000
HG04188,0.0000,0.0000,0.1202,0.0000,0.8798
HG00259,0.0000,0.0000,0.0000,1.0000,0.0000
NA12154,0.0000,0.0000,0.0000,1.0000,0.0000
HG03378,1.0000,0.0000,-0.0000,0.0000,0.0000
HG01816,0.0000,0.0000,1.0000,0.0000,0.0000
HG01536,0.0000,0.0000,0.0000,1.0000,0.0000
HG00329,-0.0000,0.0000,0.0198,0.9802,0.0000
HG02589,1.0000,0.0000,0.0000,0.0000,0.0000
HG00253,0.0000,0.0000,0.0000,1.0000,0.0000
HG04061,0.0000,0.0000,0.0000,0.0000,1.0000
NA19056,0.0000,0.0000,1.0000,0.0000,0.0000
HG01171,0.1674,0.0738,0.2049,0.5013,0.0525
NA12414,0.0000,0.0000,0.0000,1.0000,0.0000
HG00614,0.0000,0.0000,1.0000,0.0000,0.0000
HG03196,1.0000,0.0000,0.0000,0.0000,0.0000
HG02789,0.0000,0.0000,0.0000,0.0000,1.0000
HG00129,0.0000,0.0000,0.0000,1.0000,0.0000
NA10847,0.0000,0.0000,0.0000,1.0000,0.0000
HG02684,0.0000,0.0000,0.0000,0.0000,1.0000
HG04216,0.0000,0.0000,0.0000,0.0000,1.0000
HG03965,0.0000,0.0000,0.0000,0.0000,1.0000
HG03548,1.0000,0.0000,0.0000,0.0000,0.0000
HG03886,0.0000,0.0000,0.0000,0.0000,1.0000
NA19256,1.0000,0.0000,0.0000,0.0000,0.0000
HG03445,1.0000,0.0000,0.0000,0.0000,0.0000
NA18544,0.0000,0.0000,1.0000,0.0000,0.0000
NA18533,0.0000,0.0000,1.0000,0.0000,0.0000
NA18987,0.0000,0.0000,1.0000,0.0000,0.0000
HG00463,0.0000,0.0000,1.0000,0.0000,0.0000
HG00580,0.0000,0.0000,1.0000,0.0000,0.0000
NA18864,1.0000,0.0000,0.0000,0.0000,0.0000
HG03815,0.0000,0.0000,0.0810,0.0000,0.9190
NA19351,1.0000,0.0000,0.0000,0.0000,0.0000
HG03862,0.0000,0.0000,0.0000,0.0000,1.0000
HG00513,0.0000,0.0000,1.0000,0.0000,0.0000
NA18963,0.0000,0.0000,1.0000,0.0000,0.0000
HG00844,0.0000,0.0000,1.0000,0.0000,0.0000
HG03105,1.0000,0.0000,0.0000,0.0000,0.0000
HG03091,1.0000,0.0000,0.0000,0.0000,0.0000
NA20856,0.0000,0.0000,0.0000,0.0000,1.0000
NA19682,0.0000,0.9822,0.0178,0.0000,0.0000
NA20821,0.0238,0.0000,0.0000,0.9762,0.0000
HG02783,0.0000,0.0000,0.0000,0.0000,1.0000
HG00154,0.0000,0.0000,0.0000,1.0000,0.0000
HG02660,0.0000,0.0000,0.0000,0.1652,0.8348
NA12489,0.0000,0.0000,0.0000,1.0000,0.0000
HG00610,0.0000,0.0000,1.0000,0.0000,0.0000
HG03636,0.0000,0.0000,0.0000,0.1503,0.8497
HG01102,0.1301,0.3796,0.0000,0.4902,0.0000
NA19025,1.0000,0.0000,0.0000,0.0000,0.0000
HG00257,0.0000,0.0000,0.0000,1.0000,0.0000
NA21110,0.0000,0.0000,0.0000,0.0000,1.0000
HG04186,0.0000,0.0000,0.0000,0.0000,1.0000
HG03271,1.0000,0.0000,0.0000,0.0000,0.0000
NA20796,0.0000,0.0000,0.0000,1.0000,0.0000
NA20778,0.0000,0.0000,0.0000,1.0000,0.0000
HG01865,0.0000,0.0000,1.0000,0.0000,0.0000
NA19462,1.0000,0.0000,0.0000,0.0000,0.0000
HG02464,1.0000,0.0000,0.0000,0.0000,0.0000
HG00350,0.0000,0.0000,0.0000,1.0000,0.0000
HG01915,0.9841,0.0000,0.0000,0.0159,0.0000
HG03376,1.0000,0.0000,0.0000,0.0000,0.0000
NA19468,1.0000,0.0000,0.0000,0.0000,0.0000
HG01435,0.0000,1.0000,0.0000,0.0000,0.0000
NA18630,0.0000,0.0000,1.0000,0.0000,0.0000
NA18647,0.0000,0.0000,0.9618,0.0382,0.0000
HG02023,0.0000,0.0000,1.0000,0.0000,0.0000
HG03746,0.0000,0.0000,0.0000,0.1072,0.8928
HG01191,0.0476,0.5349,0.0000,0.4174,0.0000
HG03731,0.0000,0.0000,0.0000,0.0000,1.0000
HG02286,0.0000,0.9316,0.0684,-0.0000,0.0000
HG00451,0.0000,0.0000,1.0000,0.0000,0.0000
HG03920,0.0000,0.0000,0.0698,0.0000,0.9302
NA19213,1.0000,0.0000,0.0000,0.0000,0.0000
HG03499,1.0000,0.0000,0.0000,0.0000,0.0000
HG03594,0.0000,0.0000,0.1074,0.0000,0.8926
HG01334,-0.0000,0.0000,0.0000,1.0000,0.0000
HG02658,0.0000,0.0000,0.0000,0.1249,0.8751
HG00182,0.0000,0.0000,0.0428,0.9572,0.0000
NA19759,0.0000,0.8763,0.1237,0.0000,0.0000
HG01704,0.0275,0.0000,0.0000,0.9725,0.0000
HG02652,0.0000,0.0000,0.0000,0.1812,0.8188
HG00188,0.0000,0.0000,0.0252,0.9748,0.0000
HG02728,0.0000,0.0000,0.0000,0.0000,1.0000
HG01797,0.0000,0.0000,1.0000,0.0000,0.0000
HG01603,0.0000,0.0000,0.0000,1.0000,0.0000
NA20533,0.0000,0.0000,0.0000,1.0000,0.0000
NA20813,0.0000,0.0000,0.0000,1.0000,0.0000
HG00556,0.0000,0.0000,1.0000,0.0000,0.0000
HG02262,0.0000,0.9486,0.0514,0.0000,0.0000
HG02215,0.0000,0.0000,0.0000,1.0000,0.0000
HG02318,1.0000,0.0000,0.0000,0.0000,0.0000
NA18592,0.0000,0.0000,1.0000,0.0000,0.0000
HG03850,0.0000,0.0000,0.0000,0.0000,1.0000
HG01577,0.0000,1.0000,0.0000,0.0000,0.0000
HG01494,0.0000,1.0000,0.0000,0.0000,0.0000
HG01857,0.0000,0.0000,1.0000,0.0000,0.0000
HG04020,0.0000,0.0000,0.0000,0.0000,1.0000
HG00368,0.0000,0.0000,0.0710,0.9290,0.0000
HG03790,0.0000,0.0000,0.0000,0.0000,1.0000
HG01130,0.0000,0.6634,0.0000,0.3366,0.0000
HG03604,0.0000,0.0000,0.0723,0.0000,0.9277
NA20299,0.3543,0.5456,0.1001,0.0000,0.0000
NA19060,0.0000,0.0000,1.0000,0.0000,0.0000
HG03709,0.0000,0.0000,0.0000,0.0000,1.0000
NA19017,1.0000,0.0000,0.0000,0.0000,0.0000
NA18608,0.0000,0.0108,0.9892,0.0000,0.0000
HG02082,0.0000,0.0000,1.0000,0.0000,0.0000
NA12878,0.0000,0.0000,0.0000,1.0000,0.0000
NA19084,0.0000,0.0000,1.0000,0.0000,0.0000
HG03679,0.0000,0.0000,0.0000,0.0000,1.0000
HG03703,0.0000,0.0000,0.0000,0.0363,0.9637
HG03697,0.0000,0.0000,0.0000,0.0000,1.0000
NA19189,1.0000,0.0000,0.0000,0.0000,0.0000
HG00628,0.0000,0.0000,0.9996,0.0004,0.0000
NA18602,0.0000,0.0000,1.0000,0.0000,0.0000
HG02088,0.0000,0.0000,1.0000,0.0000,0.0000
HG02185,0.0000,0.0000,1.0000,0.0000,0.0000
NA12872,0.0000,0.0000,0.0000,1.0000,0.0000
HG01950,0.0000,0.8997,0.1003,0.0000,0.0000
HG02895,1.0000,0.0000,0.0000,0.0000,0.0000
HG00362,0.0000,0.0000,0.0394,0.9606,0.0000
HG00315,0.0000,0.0000,0.0362,0.9638,0.0000
NA20845,0.0000,0.0000,0.0000,0.1000,0.9000
HG03082,1.0000,0.0000,0.0000,0.0000,0.0000
NA12347,0.0000,0.0000,0.0000,1.0000,0.0000
HG02790,0.0000,0.0000,0.0000,0.0000,1.0000
HG00130,0.0000,0.0000,0.0000,1.0000,0.0000
HG03871,0.0000,0.0000,0.0000,0.0000,1.0000
NA19238,1.0000,0.0000,0.0000,0.0000,0.0000
HG00599,0.0000,0.0000,1.0000,0.0000,0.0000
HG02339,1.0000,0.0000,0.0000,0.0000,0.0000
NA18970,0.0000,0.0000,1.0000,0.0000,0.0000
HG01281,0.0000,0.5917,0.0000,0.4083,0.0000
HG01362,0.0690,0.6064,0.0000,0.3246,0.0000
HG03998,0.0000,0.0000,0.0000,0.0000,1.0000
HG03976,0.0000,0.0000,0.0000,0.0000,1.0000
HG03895,0.0000,0.0000,0.0000,0.0000,1.0000
NA18877,1.0000,0.0000,0.0000,0.0000,0.0000
HG00407,0.0000,0.0000,1.0000,0.0000,0.0000
NA18520,1.0000,0.0000,0.0000,0.0000,0.0000
HG03066,1.0000,-0.0000,0.0000,0.0000,0.0000
NA20581,0.0000,0.0000,0.0000,1.0000,0.0000
HG03088,1.0000,0.0000,0.0000,0.0000,0.0000
NA20518,0.0000,0.0000,0.0000,1.0000,0.0000
HG02774,0.0000,0.0000,0.0000,0.0414,0.9586
HG02703,1.0000,0.0000,0.0000,0.0000,0.0000
HG02697,0.0000,0.0000,0.0000,0.1934,0.8066
HG02679,1.0000,0.0000,0.0000,0.0000,0.0000
NA18623,0.0000,0.0000,1.0000,0.0000,0.0000
HG01182,0.0987,0.4365,0.0000,0.4648,0.0000
HG03722,0.0000,0.0000,0.0000,0.0000,1.0000
NA19146,1.0000,0.0000,0.0000,0.0000,0.0000
HG04106,0.0000,0.0000,0.0000,0.0000,1.0000
HG02594,1.0000,0.0000,0.0000,0.0000,0.0000
HG00334,0.0000,0.0000,0.0159,0.9841,0.0000
HG02477,0.9176,0.0000,0.0000,0.0824,0.0000
HG04171,0.0000,0.0000,0.1006,0.0000,0.8994
NA21109,0.0000,0.0000,0.0000,0.0000,1.0000
HG01971,0.0401,0.9094,0.0505,0.0000,0.0000
NA12044,0.0000,0.0000,0.0000,1.0000,0.0000
HG04098,0.0000,0.0000,0.0000,0.0000,1.0000
HG04076,0.0000,0.0000,0.0000,0.0000,1.0000
HG02570,1.0000,0.0000,0.0000,0.0000,0.0000
HG00244,0.0000,0.0000,0.0000,1.0000,0.0000
NA21103,0.0000,0.0000,0.0000,0.0000,1.0000
HG00233,0.0000,0.0000,-0.0000,1.0000,0.0000
HG04001,0.0000,0.0000,0.0000,0.0000,1.0000
HG01801,0.0000,0.0000,1.0000,0.0000,0.0000
HG01556,0.1629,0.8371,0.0000,0.0000,0.0000
HG00674,0.0000,0.0000,1.0000,0.0000,0.0000
HG02140,0.0000,0.0000,1.0000,0.0000,0.0000
NA19036,1.0000,0.0000,0.0000,0.0000,0.0000
HG01111,0.0658,0.4238,0.0000,0.5104,0.0000
HG01085,0.0916,0.3297,0.0000,0.5787,0.0000
HG02392,0.0000,0.0000,1.0000,0.0000,0.0000
NA18942,0.0000,0.0000,1.0000,0.0000,0.0000
HG03419,1.0000,0.0000,0.0000,0.0000,0.0000
HG01257,0.0000,0.6411,0.0000,0.3589,0.0000
HG00096,0.0000,0.0000,0.0000,1.0000,0.0000
NA20800,0.0000,0.0000,0.0000,1.0000,0.0000
NA20877,0.0000,0.0000,0.0000,0.0000,1.0000
NA19740,0.0000,0.8696,0.1304,0.0000,0.0000
HG01784,0.0000,0.0000,0.0000,1.0000,0.0000
HG01610,0.0119,0.0000,0.0000,0.9881,0.0000
HG03124,1.0000,0.0000,0.0000,0.0000,0.0000
NA20520,0.0000,0.0000,0.0000,1.0000,0.0000
HG02731,0.0000,0.0000,0.0000,0.1247,0.8753
HG00108,0.0000,0.0000,0.0000,1.0000,0.0000
HG03054,1.0000,0.0000,0.0000,0.0000,0.0000
HG00442,0.0000,0.0000,1.0000,0.0000,0.0000
HG02398,0.0000,0.0000,1.0000,0.0000,0.0000
NA18486,1.0000,0.0000,0.0000,0.0000,0.0000
NA18565,0.0000,0.0000,1.0000,0.0000,0.0000
HG00881,0.0000,0.0000,1.0000,0.0000,0.0000
HG01350,0.0000,1.0000,0.0000,0.0000,0.0000
HG03849,0.0000,0.0000,0.0000,0.0000,1.0000
HG03944,0.0000,0.0000,0.0000,0.0000,1.0000
NA19394,1.0000,0.0000,0.0000,0.0000,0.0000
NA20753,0.0000,0.0000,0.0000,1.0000,0.0000
HG01519,0.0000,0.0000,0.0000,1.0000,0.0000
HG00371,0.0000,0.0000,0.0501,0.9499,0.0000
HG02445,0.8876,0.0000,0.0000,0.1124,0.0000
HG00306,0.0000,0.0000,0.0000,1.0000,0.0000
HG04039,0.0000,0.0000,0.0000,0.0000,1.0000
HG03684,0.0000,0.0000,0.0000,0.0000,1.0000
NA20314,0.0000,0.8802,0.1198,0.0000,0.0000
HG03767,0.0000,0.0000,0.0000,0.3314,0.6686
HG03789,0.0000,0.0000,0.0000,0.1039,0.8961
HG02075,0.0000,0.0000,1.0000,0.0000,0.0000
HG00736,0.0300,0.3156,0.0000,0.6544,0.0000
HG02178,0.0000,0.0000,1.0000,0.0000,0.0000
NA19190,1.0000,0.0000,0.0000,0.0000,0.0000
HG00631,0.0000,0.0000,1.0000,0.0000,0.0000
NA19819,0.7679,0.0000,0.0000,0.2321,0.0000
HG01844,0.0000,0.0000,0.9999,0.0000,0.0001
HG01513,0.0000,0.0000,0.0000,1.0000,0.0000
HG02981,1.0000,0.0000,0.0000,0.0000,0.0000
HG04033,0.0000,0.0000,0.0000,0.0000,1.0000
HG00276,0.0000,0.0000,0.0456,0.9544,0.0000
HG01464,0.1181,0.8393,0.0000,0.0426,0.0000
NA19439,1.0000,0.0000,0.0000,0.0000,0.0000
HG01413,0.0939,0.5469,0.0000,0.3593,0.0000
HG02881,1.0000,0.0000,0.0000,0.0000,0.0000
HG00376,0.0000,0.0000,0.0000,1.0000,0.0000
HG04144,0.0000,0.0000,0.0482,0.0000,0.9518
NA19090,0.0000,0.0000,1.0000,0.0000,0.0000
HG01054,0.0122,0.4652,0.0000,0.5227,0.0000
HG03717,0.0000,0.0000,0.0000,0.0000,1.0000
NA12546,0.0000,0.0000,0.0000,1.0000,0.0000
HG00731,0.0000,0.2446,0.0000,0.7554,0.0000
HG02072,0.0000,0.0000,0.9877,0.0000,0.0123
HG01124,0.0986,0.7385,0.0000,0.1628,0.0000
HG03667,0.0000,0.0000,0.0000,0.0000,1.0000
NA11930,-0.0000,0.0000,0.0000,1.0000,0.0000
NA19197,1.0000,0.0000,0.0000,0.0000,0.0000
NA19003,0.0000,0.0000,1.0000,0.0000,0.0000
HG01029,0.0000,0.0000,1.0000,0.0000,0.0000
HG02078,0.0000,0.0000,1.0000,0.0000,0.0000
HG01939,0.0000,1.0000,0.0000,0.0000,0.0000
HG00271,0.0000,0.0000,0.0644,0.9356,0.0000
HG02545,0.9724,0.0000,0.0000,0.0276,0.0000
NA18945,0.0000,0.0000,1.0000,0.0000,0.0000
HG02395,0.0000,0.0000,1.0000,0.0000,0.0000
HG00542,0.0000,0.0000,1.0000,0.0000,0.0000
HG02298,0.0000,0.9568,0.0432,0.0000,0.0000
HG01250,0.0000,0.8246,0.0000,0.1754,0.0000
NA19399,1.0000,0.0000,0.0000,0.0000,0.0000
HG03949,0.0000,0.0000,0.0000,0.0000,1.0000
HG03833,0.0000,0.0000,0.0997,0.0000,0.9003
HG03469,1.0000,0.0000,0.0000,0.0000,0.0000
NA19377,1.0000,0.0000,0.0000,0.0000,0.0000
HG03844,0.0000,0.0000,0.0000,0.0000,1.0000
HG00105,0.0000,0.0000,0.0000,1.0000,0.0000
HG02646,1.0000,0.0000,0.0000,0.0000,0.0000
HG03123,1.0000,0.0000,0.0000,0.0000,0.0000
HG01783,0.0147,0.0000,0.0000,0.9853,0.0000
NA19747,0.0000,0.9653,0.0347,0.0000,0.0000
NA20870,0.0000,0.0000,0.0000,0.2742,0.7258
HG00178,0.0000,0.0000,0.0349,0.9651,0.0000
NA12275,0.0000,0.0000,0.0000,1.0000,0.0000
HG02736,0.0000,0.0000,0.0000,0.2038,0.7962
HG03129,1.0000,0.0000,0.0000,0.0000,0.0000
HG01684,0.0000,0.0000,0.0000,1.0000,0.0000
HG01710,0.0254,0.0000,0.0000,0.9746,0.0000
NA07347,0.0000,0.0000,0.0000,1.0000,0.0000
HG03024,1.0000,0.0000,0.0000,0.0000,0.0000
NA18562,0.0000,0.0000,1.0000,0.0000,0.0000
HG00445,0.0000,0.0000,1.0000,0.0000,0.0000
HG02371,0.0000,0.0000,1.0000,0.0000,0.0000
NA12748,0.0000,0.0000,0.0000,1.0000,0.0000
HG02292,0.0000,0.9196,0.0804,0.0000,0.0000
NA19393,1.0000,0.0000,0.0000,0.0000,0.0000
HG03943,0.0000,0.0000,0.0000,0.0000,1.0000
NA19207,1.0000,0.0000,0.0000,0.0000,0.0000
HG03934,0.0000,0.0000,0.0916,0.0000,0.9084
NA18624,0.0000,0.0000,1.0000,0.0000,0.0000
HG02040,0.0000,0.0000,1.0000,0.0000,0.0000
HG01088,0.1538,0.3512,0.0000,0.4950,0.0000
NA20321,0.8184,0.0000,0.0000,0.1816,0.0000
HG01066,0.0295,0.4076,0.0000,0.5628,0.0000
HG03752,0.0000,0.0000,0.0000,0.0000,1.0000
NA12144,0.0000,0.0000,0.0000,1.0000,0.0000
HG04198,0.0000,0.0000,0.0000,0.0000,1.0000
HG00344,0.0000,0.0000,0.0000,1.0000,0.0000
HG02407,0.0000,0.0000,1.0000,0.0000,0.0000
HG01976,0.0000,0.9542,0.0458,-0.0000,0.0000
HG01456,0.0000,0.9528,0.0000,0.0472,0.0000
HG02577,0.8419,0.0000,0.0000,0.1581,0.0000
NA21090,0.0000,0.0000,0.0000,0.0000,1.0000
HG02820,1.0000,0.0000,0.0000,0.0000,0.0000
NA12043,0.0000,0.0000,0.0000,1.0000,0.0000
NA19921,0.5915,0.1771,0.0247,0.2066,0.0000
HG01551,0.3487,0.5911,0.0000,0.0602,0.0000
HG01992,0.0000,0.8936,0.1064,0.0000,0.0000
HG01806,0.0000,0.0000,1.0000,0.0000,0.0000
HG02147,0.0000,0.8952,0.1048,0.0000,0.0000
NA12829,0.0000,0.0000,0.0000,1.0000,0.0000
HG01161,0.1568,0.4684,0.0000,0.3748,0.0000
NA19031,0.9757,0.0000,0.0243,0.0000,0.0000
HG03111,1.0000,0.0000,0.0000,0.0000,0.0000
HG01625,0.0000,0.0000,0.0000,1.0000,0.0000
NA20515,0.0000,0.0000,0.0000,1.0000,0.0000
NA19678,0.0162,0.5510,0.0000,0.4328,0.0000
HG03166,1.0000,0.0000,0.0000,0.0000,0.0000
HG00140,0.0000,0.0000,0.0000,1.0000,0.0000
HG02603,0.0000,0.0000,0.0000,0.1522,0.8478
HG00137,0.0000,0.0000,0.0000,1.0000,0.0000
HG03521,1.0000,0.0000,0.0000,0.0000,0.0000
HG03898,0.0000,0.0000,0.0000,0.0000,1.0000
NA19248,1.0000,0.0000,0.0000,0.0000,0.0000
HG03556,1.0000,0.0000,0.0000,0.0000,0.0000
NA19332,1.0000,0.0000,0.0000,0.0000,0.0000
HG03995,0.0000,0.0000,0.0000,0.0000,1.0000
NA18977,0.0073,0.0000,0.9927,0.0000,0.0000
HG02233,0.0119,0.0000,0.0000,0.9881,0.0000
NA18999,0.0000,0.0000,1.0000,0.0000,0.0000
NA19235,1.0000,0.0000,0.0000,0.0000,0.0000
HG03971,0.0000,0.0000,0.0000,0.0000,1.0000
HG03451,1.0000,0.0000,0.0000,0.0000,0.0000
HG01365,0.0927,0.6940,0.0000,0.2133,0.0000
HG01286,0.2049,0.4167,0.0000,0.3784,0.0000
NA19338,1.0000,0.0000,0.0000,0.0000,0.0000
HG02239,0.0175,0.0000,0.0000,0.9825,0.0000
NA18550,0.0000,0.0000,1.0000,0.0000,0.0000
HG02334,0.8112,0.0000,0.0000,0.1888,0.0000
NA18870,1.0000,0.0000,0.0000,0.0000,0.0000
HG02343,0.8211,0.0000,0.0000,0.1789,0.0000
NA18993,0.0000,0.0000,1.0000,0.0000,0.0000
NA20586,0.0000,0.0000,0.0000,1.0000,0.0000
NA20412,0.7904,0.0641,0.0000,0.1455,0.0000
HG03061,1.0000,0.0000,0.0000,0.0000,0.0000
HG02690,0.0000,0.0000,0.0000,0.2378,0.7622
HG04202,0.0000,0.0000,0.0000,0.0000,1.0000
HG01850,0.0000,0.0000,1.0000,0.0000,0.0000
HG01507,0.0000,0.0000,0.0000,1.0000,0.0000
NA19900,0.8664,0.0000,0.0000,0.1336,0.0000
HG00318,-0.0000,0.0000,0.0184,0.9816,0.0000
HG00262,0.0000,0.0000,0.0000,1.0000,0.0000
HG02521,0.0000,0.0000,1.0000,0.0000,0.0000
HG00381,0.0000,0.0000,0.0221,0.9779,0.0000
NA19010,0.0000,0.0000,1.0000,0.0000,0.0000
HG03779,0.0000,0.0000,0.0000,0.0000,1.0000
NA19067,0.0000,0.0000,1.0000,0.0000,0.0000
HG03603,0.0000,0.0000,0.0993,0.0000,0.9007
NA19089,0.0000,0.0000,1.0000,0.0000,0.0000
HG01140,0.0000,0.6206,0.0000,0.3794,0.0000
HG00728,0.0000,0.0000,1.0000,0.0000,0.0000
HG02188,0.0000,0.0000,1.0000,0.0000,0.0000
HG02166,0.0000,0.0000,1.0000,0.0000,0.0000
HG00625,0.0000,0.0000,1.0000,0.0000,0.0000
HG02111,1.0000,0.0000,0.0000,0.0000,0.0000
NA20294,0.9012,0.0000,0.0000,0.0988,0.0000
HG03690,0.0000,0.0000,0.0000,0.0000,1.0000
NA19160,1.0000,0.0000,0.0000,0.0000,0.0000
NA19083,0.0000,0.0000,1.0000,0.0000,0.0000
HG02182,0.0000,0.0000,1.0000,0.0000,0.0000
NA18605,0.0000,0.0001,0.9994,0.0004,0.0000
HG03343,1.0000,0.0000,0.0000,0.0000,0.0000
HG01920,0.0000,0.8915,0.1085,0.0000,0.0000
HG00365,0.0000,0.0000,0.0409,0.9591,0.0000
HG02971,1.0000,0.0000,0.0000,0.0000,0.0000
HG02281,1.0000,0.0000,0.0000,0.0000,0.0000
HG02315,0.9272,0.0000,0.0000,0.0728,0.0000
HG00421,0.0000,0.0000,1.0000,0.0000,0.0000
HG03593,0.0000,0.0000,0.0983,0.0000,0.9017
HG03470,1.0000,0.0000,0.0000,0.0000,0.0000
HG03950,0.0000,0.0000,0.0000,0.0000,1.0000
NA19214,1.0000,0.0000,0.0000,0.0000,0.0000
HG00185,0.0000,0.0000,0.0584,0.9416,0.0000
NA19729,0.0000,0.8470,0.1530,0.0000,0.0000
HG03040,1.0000,0.0000,0.0000,0.0000,0.0000
NA20887,0.0003,0.0000,0.0000,0.0873,0.9124
HG01679,0.0000,0.0000,0.0000,1.0000,0.0000
HG02655,0.0000,0.0000,0.0000,0.2975,0.7025
NA20814,0.0000,0.0000,0.0000,1.0000,0.0000
HG01709,0.0223,0.0000,0.0000,0.9777,0.0000
HG01673,0.0000,0.0000,0.0000,1.0000,0.0000
HG03130,1.0000,0.0000,0.0000,0.0000,0.0000
HG01790,0.0000,0.0000,0.0000,1.0000,0.0000
NA18595,0.0000,0.0000,1.0000,0.0000,0.0000
NA12751,0.0000,0.0000,0.0000,1.0000,0.0000
HG02386,0.0000,0.0000,1.0000,0.0000,0.0000
NA18956,0.0000,0.0000,1.0000,0.0000,0.0000
HG00551,0.0499,0.4044,0.0000,0.5457,0.0000
HG02265,0.0000,0.9166,0.0834,0.0000,0.0000
NA18747,0.0000,0.0000,1.0000,0.0000,0.0000
HG02154,0.0000,0.0000,1.0000,0.0000,0.0000
HG03631,0.0000,0.0000,0.0000,0.1439,0.8561
HG01105,0.0468,0.2482,0.0000,0.7050,0.0000
HG04118,0.0000,0.0000,0.0000,0.0000,1.0000
HG04015,0.0000,0.0000,0.0000,0.0000,1.0000
HG02513,0.0000,0.0000,1.0000,0.0000,0.0000
NA21117,0.0000,0.0000,0.0000,0.0000,1.0000
HG00250,0.0000,0.0000,0.0000,1.0000,0.0000
HG04062,0.0000,0.0000,0.0000,0.0000,1.0000
HG01862,0.0000,0.0000,1.0000,0.0000,0.0000
HG01918,0.0000,0.9439,0.0561,0.0000,0.0000
HG02839,1.0000,0.0000,0.0000,0.0000,0.0000
HG00357,0.0000,0.0000,0.0000,1.0000,0.0000
HG00320,0.0000,0.0000,0.0329,0.9671,0.0000
HG02580,0.9019,0.0000,0.0000,0.0981,0.0000
NA21089,0.0000,0.0000,0.0000,0.0000,1.0000
HG02943,1.0000,0.0000,0.0000,0.0000,0.0000
HG01868,0.0000,0.0000,1.0000,0.0000,0.0000
HG01432,0.0000,0.5933,0.0000,0.4067,0.0000
NA19835,0.8860,0.0000,0.0000,0.1140,0.0000
HG01912,0.9445,0.0000,0.0000,0.0555,0.0000
HG01886,0.9343,0.0000,0.0000,0.0657,0.0000
NA12830,0.0000,0.0000,0.0000,1.0000,0.0000
HG02053,0.9833,0.0000,0.0000,0.0167,0.0000
NA18640,0.0000,0.0000,1.0000,0.0000,0.0000
HG03736,0.0000,0.0000,0.0000,0.0000,1.0000
NA19028,1.0000,0.0000,0.0000,0.0000,0.0000
NA20332,0.8281,0.0000,0.0000,0.1719,0.0000
HG01075,0.0629,0.1604,0.0000,0.7767,0.0000
HG03741,0.0000,0.0000,0.0000,0.0000,1.0000
NA19152,1.0000,0.0000,0.0000,0.0000,0.0000
HG01746,0.0000,0.0000,0.0000,1.0000,0.0000
HG03072,1.0000,0.0000,0.0000,0.0000,0.0000
HG03108,1.0000,0.0000,0.0000,0.0000,0.0000
HG04211,0.0000,0.0000,0.0000,0.0000,1.0000
HG03442,1.0000,0.0000,0.0000,0.0000,0.0000
HG03538,1.0000,0.0000,0.0000,0.0000,0.0000
NA18980,0.0000,0.0000,1.0000,0.0000,0.0000
HG00464,0.0000,0.0000,1.0000,0.0000,0.0000
NA18534,0.0000,0.0000,1.0000,0.0000,0.0000
NA19321,1.0000,0.0000,0.0000,0.0000,0.0000
HG03812,0.0000,0.0000,0.0857,0.0000,0.9143
HG01392,0.1230,0.5186,0.0000,0.3584,0.0000
HG03968,0.0000,0.0000,0.0000,0.0000,1.0000
HG01271,0.0237,0.6383,0.0000,0.3380,0.0000
NA12763,0.0000,0.0000,0.0000,1.0000,0.0000
HG02220,0.0000,0.0000,0.0000,1.0000,0.0000
NA19711,0.9349,0.0000,0.0000,0.0651,0.0000
NA20826,0.0000,0.0000,0.0000,1.0000,0.0000
NA20851,0.0000,0.0000,0.0000,0.0000,1.0000
HG03078,1.0000,0.0000,0.0000,0.0000,0.0000
HG03096,1.0000,0.0000,0.0000,0.0000,0.0000
NA19788,0.0000,0.9212,0.0788,0.0000,0.0000
HG03175,1.0000,0.0000,0.0000,0.0000,0.0000
HG02667,1.0000,0.0000,0.0000,0.0000,0.0000
HG02610,1.0000,0.0000,0.0000,0.0000,0.0000
